block_date,daily_trans,daily_btc
1972-09-04,258,2900.1175869500003
1972-09-05,1,0.008
1972-10-08,1,128.3495
1982-12-12,2,106.6085
1986-11-01,1,119.349
1989-09-13,2,0.07912199
1989-10-17,8,284.64166566
1989-11-01,1,0.4790698
1994-06-19,3,146.13235433
1996-08-24,1,1.11770891
2003-02-13,2,906.06811159
2003-03-29,1,1.09102659
2004-01-25,1,0.1823
2005-06-11,1,0.5988417
2005-08-31,2,1.89234764
2005-12-24,1,1.01770881
2006-04-09,1,1.0179488
2007-11-13,1,9.9025
2007-12-18,1,101.016
2008-06-20,1,26
2008-10-01,1,27.504
2009-01-15,5,375
2009-02-03,13,584.51
2009-02-07,3,398
2009-02-22,4,1050
2009-03-03,2,400
2009-03-08,2,350
2009-03-18,2,700
2009-03-22,2,550
2009-03-28,3,1000
2009-04-05,2,850
2009-04-18,2,82.50999999999999
2009-04-26,2,750
2009-05-03,2,60
2009-05-13,2,49.01
2009-05-14,2,99.99000000000001
2009-07-11,2,48.19795706
2009-08-26,3,2348.06
2009-10-06,2,900
2009-11-11,8,89000
2009-12-09,6,2139
2010-01-12,2,10799.619999999999
2010-01-21,5,233.29
2010-01-23,2,51
2010-01-25,2,100
2010-01-26,4,748
2010-01-30,2,300
2010-02-01,2,201
2010-02-03,2,300
2010-02-05,2,199
2010-02-06,12,1200
2010-02-08,2,1400
2010-02-10,3,30000
2010-02-12,2,4000
2010-02-13,2,499
2010-02-14,3,150
2010-02-15,2,199.98
2010-02-17,6,28525.59
2010-02-22,4,4300
2010-02-26,2,749
2010-02-28,2,5249
2010-03-01,2,300
2010-03-05,1,0.24156
2010-03-06,3,150
2010-03-07,2,5950
2010-03-10,3,449.99
2010-03-15,2,50
2010-03-18,4,160
2010-03-20,6,3400
2010-03-21,2,100
2010-03-22,2,1050
2010-03-23,2,100
2010-03-24,5,600
2010-03-25,6,22250
2010-03-26,9,1850
2010-03-27,2,850
2010-03-28,2,200
2010-03-29,5,1150
2010-03-30,4,350
2010-03-31,2,100
2010-04-01,5,600
2010-04-04,4,1600
2010-04-05,11,1779.13
2010-04-06,3,124.98349999999999
2010-04-07,2,100
2010-04-08,4,400
2010-04-09,21,22933.96
2010-04-10,17,1310.36
2010-04-11,30,7746.25
2010-04-12,21,3830
2010-04-13,10,1160
2010-04-14,24,1826.6
2010-04-15,52,99752.93000000001
2010-04-16,16,3502
2010-04-17,14,551.75
2010-04-18,3080,33132.46
2010-04-19,25,20731.78
2010-04-20,19,10895
2010-04-21,21,2628.81
2010-04-22,16,13298.37
2010-04-23,39,2392.04
2010-04-24,22,10181.060000000001
2010-04-25,27,9950.8
2010-04-26,23,1264.84
2010-04-27,30,1910.02
2010-04-28,24,4306.88
2010-04-29,18,3375.36
2010-04-30,9,29268.31
2010-05-01,10,2194.6
2010-05-02,14,849
2010-05-03,17,1951
2010-05-04,31,12029.11
2010-05-05,14,12082.71
2010-05-06,11,9900
2010-05-07,15,32044
2010-05-08,16,16000.26
2010-05-09,31,8726.4
2010-05-10,14,3470.78
2010-05-11,11,1150.03
2010-05-12,19,4948
2010-05-13,29,9598.22
2010-05-14,13,1493.66
2010-05-15,13,1624
2010-05-16,6,1100
2010-05-17,26,7012.4800000000005
2010-05-18,35,7512.9
2010-05-19,29,3591.99
2010-05-20,22,1382.97
2010-05-21,42,36409.96
2010-05-22,9,12362.69
2010-05-23,81,7788.36
2010-05-24,38,4666
2010-05-25,15,3050
2010-05-26,31,8508.97
2010-05-27,49,4887.51
2010-05-28,30,3940.76
2010-05-29,37,43073.76
2010-05-30,38,2200
2010-05-31,16,3250
2010-06-01,21,3276.7
2010-06-02,23,1707.28
2010-06-03,61,4517.14
2010-06-04,22,30677.35
2010-06-05,29,2500
2010-06-06,22,6800
2010-06-07,30,22199.8
2010-06-08,28,3101
2010-06-09,24,31377.079999999998
2010-06-10,30,28915.63
2010-06-11,55,7605.2699999999995
2010-06-12,51,10780.1
2010-06-13,36,10213
2010-06-14,60,36081.02
2010-06-15,41,16030
2010-06-16,26,24698.99
2010-06-17,34,16207.51
2010-06-18,25,4164.68
2010-06-19,39,36343.82
2010-06-20,13,3625
2010-06-21,61,30538.09
2010-06-22,35,18483.64
2010-06-23,36,18400
2010-06-24,44,25369.37
2010-06-25,29,13428
2010-06-26,17,51733
2010-06-27,29,4994
2010-06-28,42,30435.05
2010-06-29,55,10953.95
2010-06-30,57,25170.57
2010-07-01,41,18130.89
2010-07-02,41,53075.18
2010-07-03,37,12020
2010-07-04,32,6289.5
2010-07-05,42,27567.01
2010-07-06,10,6750
2010-07-07,31,33310.31
2010-07-08,46,10742.94
2010-07-09,34,4868
2010-07-10,20,14437.74
2010-07-11,146,33971.99
2010-07-12,1504,2321747.4
2010-07-13,601,234603.06
2010-07-14,5426,282463.48
2010-07-15,539,70644
2010-07-16,546,51062.98
2010-07-17,198,22072.37
2010-07-18,215,34094.65
2010-07-19,319,45018.71
2010-07-20,374,27445.19
2010-07-21,203,23760.59
2010-07-22,167,17025.98
2010-07-23,172,14262.32
2010-07-24,653,11661.86
2010-07-25,1543,38823.590000000004
2010-07-26,166,80047.2
2010-07-27,213,26780.53
2010-07-28,1760,62380.42
2010-07-29,1655,14145.6
2010-07-30,105,15661.73
2010-07-31,48,9891.73
2010-08-01,81,260474.51
2010-08-02,106,8932.41
2010-08-03,373,31444.42
2010-08-04,145,27321.559999999998
2010-08-05,254,27757.35
2010-08-06,176,16031.359999999999
2010-08-07,70,18016.7
2010-08-08,157,8429.97
2010-08-09,187,72274.04
2010-08-10,106,24765.95
2010-08-11,132,43528.21
2010-08-12,127,11881.92
2010-08-13,263,29579.48
2010-08-14,97,9319.68
2010-08-15,56,10340.77
2010-08-16,280,64855.76
2010-08-17,168,46648.39
2010-08-18,206,27321.420000000002
2010-08-19,161,13001.36
2010-08-20,187,26327.12
2010-08-21,121,29529.59
2010-08-22,114,15458.58
2010-08-23,109,8043.05
2010-08-24,114,17504.83
2010-08-25,105,12206.88
2010-08-26,107,10702.57
2010-08-27,83,12542.53
2010-08-28,128,12271.2699906
2010-08-29,69,6611.81
2010-08-30,145,8785.9800005
2010-08-31,223,36044.0499976
2010-09-01,192,27035.8399987
2010-09-02,127,26497.1
2010-09-03,121,18189.52
2010-09-04,56,18938.51
2010-09-05,115,31909.87
2010-09-06,78,69658.2499983
2010-09-07,83,15299.44
2010-09-08,132,13986.4499982
2010-09-09,155,30589.9800001
2010-09-10,135,11428.43
2010-09-11,104,8539.43
2010-09-12,157,11286.9900002
2010-09-13,227,112865.84
2010-09-14,178,22383.73480176
2010-09-15,233,33240.98
2010-09-16,170,26176.23
2010-09-17,119,73628.82
2010-09-18,103,24410.61
2010-09-19,102,37121.02960352
2010-09-20,207,31901.5
2010-09-21,619,26898.29
2010-09-22,465,39232.46
2010-09-23,364,71584.64
2010-09-24,216,13438.85
2010-09-25,284,21539.99
2010-09-26,153,9584.23
2010-09-27,320,11892.58
2010-09-28,233,74193.18726893999
2010-09-29,785,88821.58
2010-09-30,182,32072.420000000002
2010-10-01,395,56585.01812108
2010-10-02,387,315694.12
2010-10-03,221,65336.26
2010-10-04,219,511710.01
2010-10-05,225,185763.4000002
2010-10-06,198,94801.25
2010-10-07,144,100204.27
2010-10-08,181,147301.58
2010-10-09,207,107786.39
2010-10-10,139,88418.52
2010-10-11,140,44521.95
2010-10-12,171,46784.6
2010-10-13,140,97078.48
2010-10-14,113,142044.8
2010-10-15,112,78372.64
2010-10-16,120,146484.58
2010-10-17,129,86849.16
2010-10-18,280,182240.24
2010-10-19,631,239343.58
2010-10-20,377,167080.35
2010-10-21,324,119810.95
2010-10-22,422,120723.66
2010-10-23,302,32646.16
2010-10-24,309,92880.58
2010-10-25,154,95508.97
2010-10-26,214,135165.51
2010-10-27,314,162458.23
2010-10-28,221,168034.23
2010-10-29,200,66854.78
2010-10-30,122,43637.99
2010-10-31,89,51820.27
2010-11-01,132,21392.53
2010-11-02,68,42047.84
2010-11-03,117,41862.93
2010-11-04,98,134640.79
2010-11-05,172,28559.64
2010-11-06,131,96124.48
2010-11-07,154,74943.52
2010-11-08,173,419417.08
2010-11-09,150,41414.69
2010-11-10,150,47995.66
2010-11-11,114,24405.55
2010-11-12,75,22820.79
2010-11-13,72,30346.56
2010-11-14,107,26303.91
2010-11-15,4632,259851.07
2010-11-16,8876,370573.59
2010-11-17,144,51325.94
2010-11-18,1186,45519.1
2010-11-19,9479,54348.64000000001
2010-11-20,9597,155515.11000000002
2010-11-21,9892,115582.07999999999
2010-11-22,147,25099.26
2010-11-23,172,41220.23
2010-11-24,3732,32857.59
2010-11-25,4800,50592.19
2010-11-26,1097,87732.31
2010-11-27,227,19366.15
2010-11-28,235,19226.74
2010-11-29,196,29024.55
2010-11-30,197,50305.45
2010-12-01,278,40184.47
2010-12-02,222,55652.38
2010-12-03,148,25096.71
2010-12-04,140,54930.12106783
2010-12-05,133,9162.94
2010-12-06,171,51291.94094584
2010-12-07,272,58673.76219765
2010-12-08,224,27940.49528566
2010-12-09,205,30619.41
2010-12-10,197,25540.46
2010-12-11,332,71849.98977788
2010-12-12,429,44584.43787191
2010-12-13,481,155100.41824802
2010-12-14,448,107012.11260157
2010-12-15,405,104211.21742856
2010-12-16,317,72044.94
2010-12-17,267,56874.27675504
2010-12-18,308,71593.43765187
2010-12-19,323,75555.95
2010-12-20,754,79317.42001065
2010-12-21,398,95087.75750328
2010-12-22,479,78723.11208696
2010-12-23,340,56047.24
2010-12-24,351,48129.29974265
2010-12-25,436,99620.54000000001
2010-12-26,419,66779.66339267
2010-12-27,335,87469.8183169
2010-12-28,457,53637.33056498
2010-12-29,312,101134.33683591
2010-12-30,390,58140.44
2010-12-31,360,55897.66
2011-01-01,445,47985.39
2011-01-02,359,44018.20498822
2011-01-03,947,65358.59633815
2011-01-04,824,38962.9791607
2011-01-05,1133,36811.85767679
2011-01-06,527,31322.96918433
2011-01-07,832,53752.37336902
2011-01-08,1245,52882.75234567
2011-01-09,1033,36675.14469134
2011-01-10,1134,80028.10971559
2011-01-11,1160,92663.44614891
2011-01-12,961,48731.39141248
2011-01-13,1056,118628.44867027
2011-01-14,1064,84582.18159374
2011-01-15,785,53594.409999999996
2011-01-16,726,63308.38011814
2011-01-17,608,55755.42663104
2011-01-18,657,99154.22323904
2011-01-19,718,59306.29763183
2011-01-20,714,51243.64946975
2011-01-21,970,60030.30447858
2011-01-22,1249,69627.56708752
2011-01-23,890,79547.52638641
2011-01-24,1116,68268.77787557
2011-01-25,710,52991.32400623
2011-01-26,796,64903.45
2011-01-27,657,1020955.74905919
2011-01-28,905,44631.64
2011-01-29,1174,67539.24
2011-01-30,2430,390317.67759254
2011-01-31,1201,186359.26982325
2011-02-01,820,116592.72079477
2011-02-02,704,109981.81104348
2011-02-03,609,61379.73982325
2011-02-04,726,45832.32108788
2011-02-05,605,61901.12868051
2011-02-06,701,62160.34039876
2011-02-07,651,90955.23903225
2011-02-08,648,64726.09722994
2011-02-09,1011,125689.2693116
2011-02-10,1835,216279.19942762
2011-02-11,2162,251436.81054812
2011-02-12,1701,130971.16428978
2011-02-13,1603,101268.71817975
2011-02-14,1800,129693.09137725
2011-02-15,1982,91627.40049414
2011-02-16,1821,59432.40818958
2011-02-17,2006,92786.67165151
2011-02-18,1831,118184.34368959
2011-02-19,1414,175997.84
2011-02-20,1726,212900.68
2011-02-21,1765,227903.45
2011-02-22,1971,345876.01
2011-02-23,2005,357716.72
2011-02-24,1897,218795.45
2011-02-25,1824,175059.00818048
2011-02-26,1648,163270.75000999
2011-02-27,2005,188867.16855151
2011-02-28,1570,124882.99
2011-03-01,2599,1033303.0202
2011-03-02,1840,2435908.72668385
2011-03-03,3017,228696.44168828
2011-03-04,1752,302408.23576451
2011-03-05,1741,126997.0437216
2011-03-06,1722,143942.04380033
2011-03-07,1698,206652.29964754
2011-03-08,2238,185686.65944798
2011-03-09,1658,244404.34503696
2011-03-10,1548,338570.07804093
2011-03-11,1753,246446.22809133
2011-03-12,2813,156437.29971233
2011-03-13,2589,204941.68115768
2011-03-14,2530,207648.33789148
2011-03-15,2739,121488.87643037
2011-03-16,3042,152539.09181285
2011-03-17,3221,160502.90737881
2011-03-18,2249,170708.95283443
2011-03-19,3073,119086.22
2011-03-20,3930,138839.58252934
2011-03-21,5701,151371.34928640001
2011-03-22,2111,204354.34911854
2011-03-23,4410,254468.4
2011-03-24,2003,251679.13767498
2011-03-25,1822,285086.8778667
2011-03-26,3188,319088.61920936
2011-03-27,2310,144795.68202142
2011-03-28,2754,135313.24246612
2011-03-29,2541,109055.46112949
2011-03-30,1590,122059.59452227
2011-03-31,1882,136988.52288476
2011-04-01,1392,77717.91827105
2011-04-02,1586,94379.20432044
2011-04-03,1621,80546.39902044
2011-04-04,2125,143426.61701071
2011-04-05,1909,116236.60318476
2011-04-06,1708,85539.41799748
2011-04-07,1520,110054.86496611
2011-04-08,1590,126939.33595446
2011-04-09,1569,140269.0001
2011-04-10,1563,83478.635
2011-04-11,1774,86093.85545405
2011-04-12,1908,137566.19102861
2011-04-13,2166,177043.77327498
2011-04-14,2717,145387.68708196
2011-04-15,1877,100689.34928382
2011-04-16,1966,341560.25033964
2011-04-17,2066,1294505.35927388
2011-04-18,2881,127001.59991272
2011-04-19,3434,2646861.40297451
2011-04-20,2813,4785220.74204533
2011-04-21,1758,431197.48799102
2011-04-22,1908,157077.85424113
2011-04-23,2132,165528.81501805
2011-04-24,2100,100759.87017361
2011-04-25,2387,97203.95776716
2011-04-26,3248,176003.8390149
2011-04-27,4390,246493.61657616
2011-04-28,2864,148312.81378026
2011-04-29,3320,776262.83897853
2011-04-30,4281,403709.00673113
2011-05-01,3760,161990.50321471
2011-05-02,2894,119510.31266387
2011-05-03,2726,187392.75138419
2011-05-04,2602,279831.8470313
2011-05-05,3243,158704.33759837
2011-05-06,3070,280821.18563308
2011-05-07,3668,221981.79302396
2011-05-08,2673,529768.28273068
2011-05-09,3270,152553.30846047
2011-05-10,2964,567632.13850171
2011-05-11,2893,176215.39348982
2011-05-12,3188,207886.66438123
2011-05-13,3844,452664.92141258
2011-05-14,4161,1787212.02764781
2011-05-15,3545,311624.53782434
2011-05-16,4100,278134.45083743
2011-05-17,4204,209816.39598351
2011-05-18,5289,180913.95139751
2011-05-19,4490,181551.63441551
2011-05-20,4568,345317.86570839
2011-05-21,4738,653776.77056607
2011-05-22,5016,878162.97366646
2011-05-23,5440,457736.61905455
2011-05-24,5555,354099.08495583
2011-05-25,5935,381080.62331447
2011-05-26,6650,412437.74540105
2011-05-27,4674,535999.68976574
2011-05-28,4851,224765.70805678001
2011-05-29,4565,265566.42702273
2011-05-30,5179,269094.08435130003
2011-05-31,5906,279851.16754073
2011-06-01,6347,271484.2237639
2011-06-02,6940,353742.43582135
2011-06-03,8233,611937.81088465
2011-06-04,8580,475769.50735780003
2011-06-05,8383,553552.029338
2011-06-06,9459,826839.67148268
2011-06-07,8826,525728.60109993
2011-06-08,11618,787274.00122975
2011-06-09,11938,771068.93254016
2011-06-10,11028,920737.01821738
2011-06-11,10637,1473308.83028438
2011-06-12,12202,1827866.8341550701
2011-06-13,11012,1266307.98120223
2011-06-14,13901,1535047.18814236
2011-06-15,12323,4227979.4377839295
2011-06-16,12559,8761369.30543499
2011-06-17,11103,1565495.04296578
2011-06-18,11358,1255364.39446535
2011-06-19,11246,4562309.87122901
2011-06-20,10987,1330999.24028207
2011-06-21,9442,3309936.85907862
2011-06-22,11253,1321414.86631725
2011-06-23,10175,1621593.83674403
2011-06-24,10704,4774836.5167812
2011-06-25,9549,10717951.29775512
2011-06-26,9836,4044136.49727341
2011-06-27,11579,1869328.17600168
2011-06-28,10549,6863098.70698716
2011-06-29,9825,2775876.59878338
2011-06-30,9445,1496800.02810075
2011-07-01,10429,1109092.94284535
2011-07-02,7848,866450.73799041
2011-07-03,8193,570122.02277544
2011-07-04,9432,1354555.21443377
2011-07-05,8821,407398.90079433
2011-07-06,10356,568726.07697332
2011-07-07,9043,465487.27653067
2011-07-08,8358,304536.00101237
2011-07-09,7698,2075511.96610849
2011-07-10,8251,2425244.29042758
2011-07-11,10360,1006174.90249825
2011-07-12,8002,1067354.81971027
2011-07-13,8999,1426263.43128353
2011-07-14,8571,1924122.15084307
2011-07-15,7828,596563.44354854
2011-07-16,8713,1247747.36032757
2011-07-17,8201,562328.55731537
2011-07-18,8804,3301528.93782581
2011-07-19,9037,2734264.29251748
2011-07-20,8710,543187.3541988
2011-07-21,8008,1332681.6897918999
2011-07-22,8839,1551445.39497986
2011-07-23,7266,603783.76454926
2011-07-24,8045,541177.95649508
2011-07-25,9318,1433714.57065214
2011-07-26,8188,1179516.28924067
2011-07-27,7817,1267605.57130184
2011-07-28,7961,3392244.18034544
2011-07-29,7148,689313.5935692
2011-07-30,6046,324049.15071277
2011-07-31,7919,594207.86544332
2011-08-01,8025,540093.66356264
2011-08-02,8662,397523.80392289
2011-08-03,7574,407704.46002552
2011-08-04,8173,318573.88813871
2011-08-05,7218,493767.54603189003
2011-08-06,6710,379313.99281284
2011-08-07,6582,364311.33645849
2011-08-08,7124,1037508.90404664
2011-08-09,9065,2480495.33257351
2011-08-10,8178,1140219.92672379
2011-08-11,7454,483878.81761231
2011-08-12,7028,338191.14587985
2011-08-13,7263,303820.25909751
2011-08-14,7336,448273.27604537
2011-08-15,8245,333356.59205017
2011-08-16,9484,360797.31868598
2011-08-17,7575,322506.96307147
2011-08-18,7261,400074.38758675
2011-08-19,7473,555817.13380294
2011-08-20,7028,224464.33345261
2011-08-21,7497,242626.65155007
2011-08-22,7639,272913.83611406
2011-08-23,7114,439570.31792024
2011-08-24,7223,559412.17237067
2011-08-25,7102,373578.0030436
2011-08-26,7263,277260.03150758997
2011-08-27,6232,2705268.2656054
2011-08-28,5469,183284.6917419
2011-08-29,7951,237169.60501864
2011-08-30,7652,236565.50989443
2011-08-31,7124,263743.61532267
2011-09-01,7067,328411.24296324
2011-09-02,6867,253101.06449255
2011-09-03,5773,224174.81817532
2011-09-04,7120,1738492.11546151
2011-09-05,6875,2265611.20316853
2011-09-06,7667,3145047.48630942
2011-09-07,6946,629166.36146454
2011-09-08,6363,386220.15144125
2011-09-09,7215,400185.45102362
2011-09-10,5851,264831.0950026
2011-09-11,6312,1013479.77446431
2011-09-12,6435,620541.51912917
2011-09-13,6372,350593.22145011
2011-09-14,6047,295158.89857602
2011-09-15,6310,291345.33875417
2011-09-16,6086,668518.90890857
2011-09-17,5311,347137.20750798
2011-09-18,5824,290937.63581786
2011-09-19,6520,328326.04356081
2011-09-20,7999,346253.65157385
2011-09-21,7537,388625.07669057
2011-09-22,5981,303493.29593494
2011-09-23,6189,338249.58377945
2011-09-24,5596,225603.83042044
2011-09-25,5581,289291.36174529
2011-09-26,5497,278308.23360253
2011-09-27,5964,423375.02157857
2011-09-28,5866,350291.47885625
2011-09-29,5456,327261.16769802
2011-09-30,5739,286246.93598831
2011-10-01,5226,411913.3991076
2011-10-02,4904,315549.07982987
2011-10-03,6372,401349.11188622
2011-10-04,5694,413746.95987803
2011-10-05,5620,399904.44486045
2011-10-06,5780,528917.72776769
2011-10-07,5529,375849.6829457
2011-10-08,5274,277346.83727421
2011-10-09,5327,297642.86082482
2011-10-10,5755,310949.73743782
2011-10-11,5830,328314.81446226
2011-10-12,5823,315469.32285574
2011-10-13,4884,299900.4320011
2011-10-14,5963,270017.12563348
2011-10-15,5437,376048.29247041
2011-10-16,4852,254765.10904202
2011-10-17,5649,478967.97253138
2011-10-18,4733,337551.29904311
2011-10-19,4988,301583.76513446
2011-10-20,4522,292191.91227111
2011-10-21,5079,561380.40436427
2011-10-22,5009,561244.71304888
2011-10-23,5493,564427.85658524
2011-10-24,5798,363390.02549555
2011-10-25,5088,374686.61380253
2011-10-26,5147,423482.1555836
2011-10-27,4570,503094.19362462
2011-10-28,5008,447760.422824
2011-10-29,5478,433819.62209844
2011-10-30,4858,206552.2034393
2011-10-31,5046,382425.38903258997
2011-11-01,5615,532192.96410634
2011-11-02,5829,400838.80997098
2011-11-03,6120,348695.27002404
2011-11-04,6385,392685.26112122
2011-11-05,5776,284384.62066884
2011-11-06,4884,221883.65787434
2011-11-07,5355,262409.429708
2011-11-08,5835,1112821.51463878
2011-11-09,6280,971184.36574112
2011-11-10,6391,354320.32956195
2011-11-11,4967,299237.43413298
2011-11-12,4978,259741.39489423
2011-11-13,5219,242578.54823028
2011-11-14,5758,349689.46916323
2011-11-15,5933,351702.63093922
2011-11-16,5908,2025315.99923491
2011-11-17,4811,3273664.86840598
2011-11-18,5031,5066542.23432948
2011-11-19,4591,4119649.39373999
2011-11-20,4972,1533067.97804363
2011-11-21,4645,1689227.45648893
2011-11-22,5345,3587507.02588206
2011-11-23,5458,1562999.67918899
2011-11-24,4894,1511126.03317521
2011-11-25,5343,1081373.74078861
2011-11-26,4625,1597138.04449001
2011-11-27,4941,1794839.80832966
2011-11-28,5796,4007045.59894688
2011-11-29,6273,3939323.59180813
2011-11-30,6687,6579082.07232968
2011-12-01,6163,2114917.34083786
2011-12-02,6172,5485193.22155652
2011-12-03,5496,3498008.0712952
2011-12-04,5325,2941017.00653277
2011-12-05,6015,2960463.93486166
2011-12-06,7741,6892163.36684615
2011-12-07,6076,5605101.97367595
2011-12-08,5597,4592828.43660935
2011-12-09,5431,2000223.98433756
2011-12-10,5549,1140063.91613553
2011-12-11,5164,846561.95187673
2011-12-12,4632,729086.02842836
2011-12-13,5306,349150.14757103
2011-12-14,5496,428062.39269506
2011-12-15,4715,446316.16376592
2011-12-16,5140,483528.56439564
2011-12-17,4786,346974.39493572
2011-12-18,4503,334187.08639201
2011-12-19,5576,465698.6093742
2011-12-20,6168,525443.91383758
2011-12-21,5477,573452.96055092
2011-12-22,5649,437095.53759539
2011-12-23,5497,256726.88972079
2011-12-24,4546,310856.94881301
2011-12-25,5045,292450.92916539003
2011-12-26,5520,705953.40811721
2011-12-27,5044,660137.74473241
2011-12-28,4892,275467.7378585
2011-12-29,5019,500611.93262566
2011-12-30,4947,277912.22889307
2011-12-31,4954,261835.13857393
2012-01-01,4832,338643.45887044
2012-01-02,5210,254291.05837179
2012-01-03,5581,261715.55443824
2012-01-04,5674,407265.50461576
2012-01-05,6757,668079.44144596
2012-01-06,6476,603238.94239654
2012-01-07,5757,313107.19202183
2012-01-08,6253,348748.28083495
2012-01-09,5881,440563.69744311
2012-01-10,6487,386440.37344271
2012-01-11,6981,380152.6613865
2012-01-12,6568,357432.77536598
2012-01-13,6654,400279.37403986
2012-01-14,6669,338281.70711823
2012-01-15,6177,269642.31668066
2012-01-16,6792,427168.13686835
2012-01-17,6662,443398.12092722
2012-01-18,6348,358919.26780875
2012-01-19,6787,396433.06527264
2012-01-20,6606,356596.66716905
2012-01-21,6202,298781.63474112
2012-01-22,5162,271424.86419522
2012-01-23,5987,285420.28390777
2012-01-24,7074,371485.87767167
2012-01-25,7848,410981.90106407
2012-01-26,6480,416847.93521432
2012-01-27,6127,351902.97899886
2012-01-28,5781,247278.61804456
2012-01-29,6124,335280.07237196
2012-01-30,6050,329947.08446513
2012-01-31,6746,340316.43867739
2012-02-01,6300,422411.16702541
2012-02-02,7019,368506.00800731
2012-02-03,6876,378461.51697716
2012-02-04,7115,357068.83255968
2012-02-05,6624,338512.60543482
2012-02-06,5885,317809.05593368
2012-02-07,6670,314047.62854775
2012-02-08,6813,300388.45995164
2012-02-09,7371,270583.51740095
2012-02-10,8293,314390.78815381
2012-02-11,7551,451780.63527588
2012-02-12,6845,318003.55013846
2012-02-13,8912,474919.99422297
2012-02-14,9358,1351294.3660471
2012-02-15,9268,1345864.0911273
2012-02-16,9166,1574104.29973094
2012-02-17,6615,971254.82900678
2012-02-18,6395,700675.48455811
2012-02-19,5785,386244.5306643
2012-02-20,6131,426615.33543862
2012-02-21,6174,379778.41620465
2012-02-22,7086,784716.58856167
2012-02-23,7797,684412.74591955
2012-02-24,7300,603266.08184567
2012-02-25,6784,434739.08547371
2012-02-26,5605,334620.60239879
2012-02-27,6678,375323.8986994
2012-02-28,6478,366532.57088179
2012-02-29,6515,327902.7050472
2012-03-01,7024,664008.14604883
2012-03-02,7231,558324.38449004
2012-03-03,5158,388994.06649158
2012-03-04,6273,666004.42824624
2012-03-05,6896,377898.69955005
2012-03-06,6226,353920.27763902
2012-03-07,6494,374108.353183
2012-03-08,6444,519456.937472
2012-03-09,6332,590874.7851270899
2012-03-10,5312,391923.38256317
2012-03-11,5087,417361.85617109
2012-03-12,6044,617576.07203704
2012-03-13,7071,502585.88020784
2012-03-14,6809,611591.09749562
2012-03-15,6151,483506.34883887
2012-03-16,6835,498817.37524785
2012-03-17,6639,460056.03071464
2012-03-18,5885,370863.43041329
2012-03-19,6670,462574.4187725
2012-03-20,6498,485328.27942215
2012-03-21,6756,502600.74901446
2012-03-22,6432,779709.92887771
2012-03-23,6056,868271.0079764
2012-03-24,6203,808847.53898045
2012-03-25,6012,414667.51066027
2012-03-26,6562,531144.98222388
2012-03-27,6471,579844.02542544
2012-03-28,7024,666910.74658258
2012-03-29,7501,1212218.4053268
2012-03-30,6586,968719.13961125
2012-03-31,6067,856295.67047119
2012-04-01,5391,608827.05624581
2012-04-02,6362,701699.38984391
2012-04-03,7679,825892.12910037
2012-04-04,6897,747957.62958345
2012-04-05,6960,952236.39638358
2012-04-06,6490,569571.42243225
2012-04-07,6026,357615.77464256
2012-04-08,5735,1245153.76042209
2012-04-09,6471,1657594.94006392
2012-04-10,8279,793615.8151392
2012-04-11,7828,1564606.09426187
2012-04-12,8068,1227441.48034259
2012-04-13,7221,851708.38936674
2012-04-14,7614,971199.42777815
2012-04-15,7312,1322855.0635063
2012-04-16,8370,1567936.35359146
2012-04-17,7825,1135480.44018777
2012-04-18,8350,1032194.15767573
2012-04-19,7692,681685.60676225
2012-04-20,8100,2862990.99191872
2012-04-21,7044,1209029.57243489
2012-04-22,6255,942012.39469503
2012-04-23,7043,793413.47495193
2012-04-24,7496,727279.41970576
2012-04-25,7415,1009806.68410949
2012-04-26,10003,1864864.98911217
2012-04-27,6980,1446819.0629047
2012-04-28,7311,886100.4843415
2012-04-29,7505,992710.73532079
2012-04-30,9224,1080058.44681686
2012-05-01,9972,1077850.6088726
2012-05-02,9897,1078053.66952388
2012-05-03,13998,1218625.0146762999
2012-05-04,13829,1114639.2653854
2012-05-05,12851,1200815.37015947
2012-05-06,10930,641918.99348148
2012-05-07,18324,2242546.92116168
2012-05-08,17467,3854959.99608814
2012-05-09,16889,2334043.81581646
2012-05-10,12641,1265679.36241973
2012-05-11,17893,1449876.82441432
2012-05-12,18322,3355497.11262172
2012-05-13,14563,1441090.65621346
2012-05-14,28177,2202064.08419169
2012-05-15,22930,3900704.8573709
2012-05-16,17107,3268172.45248169
2012-05-17,16818,3449102.02703592
2012-05-18,24722,1870819.28003857
2012-05-19,35263,1236402.09699957
2012-05-20,31113,2045996.82697081
2012-05-21,31362,3774380.04776219
2012-05-22,23782,4075142.62804834
2012-05-23,26872,1782654.3024768499
2012-05-24,26755,1125771.8085172
2012-05-25,29000,2554219.6228077
2012-05-26,22709,4696216.81582678
2012-05-27,26410,2063451.3533302
2012-05-28,29911,2177670.3463276
2012-05-29,29667,3105601.85968425
2012-05-30,25235,2337389.7946155
2012-05-31,20906,4830057.70074819
2012-06-01,26808,2926706.91543234
2012-06-02,12799,2010456.90520916
2012-06-03,34375,1856912.20074709
2012-06-04,45757,4589804.70789897
2012-06-05,43104,4395290.43671924
2012-06-06,16176,2517177.40508196
2012-06-07,33160,4822339.7639171295
2012-06-08,23987,5469418.64965388
2012-06-09,32471,1382493.27668433
2012-06-10,40750,3389816.9676577
2012-06-11,32718,2983086.29906373
2012-06-12,18901,2573886.87072834
2012-06-13,64340,2551240.6752673397
2012-06-14,55830,4743876.126724199
2012-06-15,54963,3507721.1511927
2012-06-16,39873,3756627.59656562
2012-06-17,43935,1414732.04865097
2012-06-18,38522,2506360.29000505
2012-06-19,37154,2156536.71158845
2012-06-20,31893,1689780.48593348
2012-06-21,26131,1006594.5964873501
2012-06-22,22866,2261680.33911758
2012-06-23,22109,3016812.58303011
2012-06-24,22236,1892588.73619622
2012-06-25,29007,1824131.10614888
2012-06-26,30005,1729856.98479752
2012-06-27,30466,2011743.26754343
2012-06-28,26445,3450780.3821509
2012-06-29,22789,2494347.21222679
2012-06-30,22649,1382627.28223658
2012-07-01,19049,1355744.66874623
2012-07-02,25769,1184681.21486665
2012-07-03,21856,1425509.47947006
2012-07-04,22587,2258199.76394845
2012-07-05,21863,2011478.70681362
2012-07-06,25126,1408402.9910685
2012-07-07,24485,4099374.5055576703
2012-07-08,20278,799037.07057165
2012-07-09,24941,2155196.3672706
2012-07-10,35931,2161973.62137089
2012-07-11,30139,1124673.19024583
2012-07-12,23912,1386514.54719831
2012-07-13,25727,2524200.64642892
2012-07-14,21310,2427025.11221111
2012-07-15,26559,1353958.24576701
2012-07-16,31552,2141606.55746769
2012-07-17,34910,2486829.93725535
2012-07-18,32119,1576194.63833096
2012-07-19,31005,1227360.9704549299
2012-07-20,36744,1684969.74580781
2012-07-21,34695,2324449.40390342
2012-07-22,34887,1736862.23324852
2012-07-23,32443,2172431.20781599
2012-07-24,28377,1747275.67023637
2012-07-25,26503,972636.66949108
2012-07-26,30444,2369567.82562601
2012-07-27,26826,2114027.99647337
2012-07-28,35447,1737113.53930055
2012-07-29,34536,1098365.61391059
2012-07-30,33769,968266.59996533
2012-07-31,42302,3032149.60069419
2012-08-01,30539,2241181.70341473
2012-08-02,32093,1755618.27022139
2012-08-03,27353,1406502.28218289
2012-08-04,29031,1420521.71708854
2012-08-05,34623,1988279.6587949
2012-08-06,34284,1974623.27007315
2012-08-07,29273,1961580.83733172
2012-08-08,39355,1631738.25415033
2012-08-09,30597,1457050.18282373
2012-08-10,27766,1678148.62361214
2012-08-11,33661,1595786.33240485
2012-08-12,35881,1614160.55614211
2012-08-13,47047,1830827.1220119
2012-08-14,34707,1540018.36996001
2012-08-15,54163,1766532.19545737
2012-08-16,45138,2085135.47627558
2012-08-17,41295,2763560.86021419
2012-08-18,35741,2128196.46406399
2012-08-19,37188,6014153.12673238
2012-08-20,36051,9632995.47600241
2012-08-21,42524,5660048.80468001
2012-08-22,35958,7414565.62487157
2012-08-23,31309,7627059.61221128
2012-08-24,32944,11083797.53762025
2012-08-25,33901,4448189.40901729
2012-08-26,29267,3337225.68649991
2012-08-27,33669,6397440.530912
2012-08-28,29566,7715731.59844795
2012-08-29,34995,13920819.10016445
2012-08-30,34748,11480498.99658736
2012-08-31,40221,9134121.37178331
2012-09-01,37848,8439985.84317318
2012-09-02,33308,5907916.30227567
2012-09-03,38917,3762819.2117815
2012-09-04,38958,6397315.14121566
2012-09-05,41563,9321890.66469504
2012-09-06,41725,22185433.15562505
2012-09-07,33186,18132700.99731393
2012-09-08,31019,7547340.60965058
2012-09-09,32356,3893641.58962611
2012-09-10,32863,18837334.78155635
2012-09-11,38013,20295593.0736477
2012-09-12,27414,10757933.46722184
2012-09-13,29328,22543936.57748416
2012-09-14,35629,17997964.85109393
2012-09-15,27443,6910986.47010841
2012-09-16,27855,14066984.53379379
2012-09-17,25302,13207629.77957017
2012-09-18,32275,12760381.32238924
2012-09-19,33677,31373744.58595238
2012-09-20,30182,16333324.76497754
2012-09-21,30532,25413907.19573516
2012-09-22,20757,15017032.75847976
2012-09-23,28095,7681863.47944282
2012-09-24,28462,8084256.18852588
2012-09-25,26047,1867391.00447088
2012-09-26,30496,1623852.46181116
2012-09-27,27851,1370872.66050192
2012-09-28,34268,2604455.96299404
2012-09-29,22394,1290958.93491979
2012-09-30,20330,1431468.57549102
2012-10-01,24774,1621935.44362985
2012-10-02,33873,1996119.33447595
2012-10-03,25992,1305388.98901153
2012-10-04,32700,1162941.33635642
2012-10-05,35067,2583024.45485235
2012-10-06,32875,1970958.72068431
2012-10-07,34344,1774368.48063189
2012-10-08,38577,1783135.10851992
2012-10-09,34836,1337258.52031814
2012-10-10,32265,883823.38073316
2012-10-11,26392,1242960.0760143
2012-10-12,28096,2584771.39826358
2012-10-13,33562,2706814.93370157
2012-10-14,27574,1399596.23084522
2012-10-15,30288,840632.21298592
2012-10-16,35181,2744448.80044471
2012-10-17,31613,3413205.03013427
2012-10-18,27964,3399566.57457867
2012-10-19,25688,2625855.97772188
2012-10-20,29441,2658989.39027404
2012-10-21,40222,2332953.04145745
2012-10-22,43704,2274502.31874038
2012-10-23,32475,2590123.91456147
2012-10-24,32566,1925625.21226774
2012-10-25,25286,1428847.83889613
2012-10-26,21601,1042275.15728358
2012-10-27,16213,1660469.98851414
2012-10-28,17764,937422.71138495
2012-10-29,22901,1052019.42018563
2012-10-30,30332,4189754.88010011
2012-10-31,26052,3693254.93280663
2012-11-01,24344,2621182.38196762
2012-11-02,28396,872824.60767472
2012-11-03,23991,1907823.85585398
2012-11-04,23891,2281238.93796692
2012-11-05,32546,2251299.21943361
2012-11-06,31193,1887516.67246555
2012-11-07,36448,1847121.4078132901
2012-11-08,32738,1333259.05765495
2012-11-09,24276,847504.0091668401
2012-11-10,26945,431498.28954459
2012-11-11,23454,417199.15865506
2012-11-12,24419,482377.65434651
2012-11-13,27130,811006.4253096
2012-11-14,29896,1434193.93132071
2012-11-15,37688,2556369.63437807
2012-11-16,39079,3696238.30096448
2012-11-17,31921,2635668.92375483
2012-11-18,35312,2069859.41846386
2012-11-19,36291,1383336.17724106
2012-11-20,36994,1564428.5998677
2012-11-21,38382,916086.83330022
2012-11-22,33185,1438565.53080924
2012-11-23,29490,1131685.4046016
2012-11-24,29284,1157492.54757836
2012-11-25,36627,815331.93669145
2012-11-26,35593,1122266.75062877
2012-11-27,28112,1420581.61070413
2012-11-28,36481,1899472.36710349
2012-11-29,37718,1202668.65796287
2012-11-30,31320,787335.19932782
2012-12-01,31369,625196.99650826
2012-12-02,19786,989501.94322018
2012-12-03,21911,1733891.92092829
2012-12-04,32535,2482992.35783373
2012-12-05,34115,2928998.20665776
2012-12-06,35916,3143875.56066161
2012-12-07,32221,2081245.0665336
2012-12-08,32758,1001775.71589717
2012-12-09,33377,1408858.49057839
2012-12-10,34973,1039443.56097936
2012-12-11,38848,1621406.48675045
2012-12-12,35359,3590050.06837899
2012-12-13,42809,3801607.78143684
2012-12-14,37893,2945894.99061978
2012-12-15,31815,1629269.7344013301
2012-12-16,35815,1798470.4564485701
2012-12-17,41026,1774629.4147185
2012-12-18,50191,2374427.28334731
2012-12-19,43366,1123450.0820369201
2012-12-20,36281,938870.4620360701
2012-12-21,44593,1660482.4392884101
2012-12-22,51075,1398698.63487605
2012-12-23,38167,886519.77316561
2012-12-24,33923,1042709.9796195
2012-12-25,29476,599465.8914725
2012-12-26,36495,629583.59978831
2012-12-27,44437,851153.85830326006
2012-12-28,46397,1048671.65356793
2012-12-29,37389,971684.79914776
2012-12-30,44592,789421.99047238
2012-12-31,30347,1338908.62164853
2013-01-01,31249,1492186.85445435
2013-01-02,39813,1937582.5652012401
2013-01-03,43096,1764727.60360523
2013-01-04,48326,2316048.36046629
2013-01-05,41685,2098285.82412694
2013-01-06,30450,1088232.74281948
2013-01-07,39250,1483112.23116892
2013-01-08,38750,2140864.43064844
2013-01-09,42729,1715919.91091265
2013-01-10,52842,1342736.01634524
2013-01-11,53137,1326137.30397312
2013-01-12,45150,975079.74379978
2013-01-13,49215,894618.8407692
2013-01-14,44017,1113938.47785663
2013-01-15,45095,2074414.30965816
2013-01-16,54076,2265778.12213314
2013-01-17,48088,1809876.73937121
2013-01-18,48763,1643542.79669504
2013-01-19,56298,1583983.28770046
2013-01-20,40996,1144815.02201585
2013-01-21,39700,1144726.0958686
2013-01-22,43597,1461310.39276446
2013-01-23,47068,2427074.98002036
2013-01-24,46027,1633766.71717536
2013-01-25,48507,1529032.36984188
2013-01-26,52353,1342033.04825988
2013-01-27,54675,1480867.46761747
2013-01-28,51989,1671854.27451276
2013-01-29,51801,2449044.01995148
2013-01-30,40310,2653156.3494062
2013-01-31,51423,1586447.60103337
2013-02-01,59599,1813635.95103707
2013-02-02,54620,1358585.46863304
2013-02-03,60305,1369303.0090478
2013-02-04,55297,2030354.9465048
2013-02-05,53615,1988490.1681613901
2013-02-06,43101,1864303.33558126
2013-02-07,61237,1769031.55914864
2013-02-08,59622,2150143.81236814
2013-02-09,57165,1792954.05178651
2013-02-10,56529,1363855.2223962
2013-02-11,58367,1335043.04526582
2013-02-12,58461,1295158.26285845
2013-02-13,58938,1247126.60011818
2013-02-14,49673,1432758.42536259
2013-02-15,55439,1280425.96816685
2013-02-16,52023,1269134.89485835
2013-02-17,48962,1154590.71875899
2013-02-18,50368,1222986.39570474
2013-02-19,53773,1443220.65648587
2013-02-20,59798,1206056.93350958
2013-02-21,56193,1043167.66503873
2013-02-22,61830,1570969.09412819
2013-02-23,57497,1285154.2347998
2013-02-24,57647,1742424.32048862
2013-02-25,67239,1850406.37205347
2013-02-26,62480,1595652.72540169
2013-02-27,60357,1528992.31850352
2013-02-28,63803,1506127.50596025
2013-03-01,64069,1637913.9100733302
2013-03-02,56496,1496531.0731804902
2013-03-03,53290,922009.04707461
2013-03-04,63292,963585.72307783
2013-03-05,58220,1984473.68033567
2013-03-06,63395,2293776.03966057
2013-03-07,64785,1643671.58051745
2013-03-08,55275,1196901.72830733
2013-03-09,56118,1025310.40720122
2013-03-10,72722,1224388.0334898701
2013-03-11,63213,1053144.35445382
2013-03-12,44641,1443758.68955182
2013-03-13,56780,1502206.21776826
2013-03-14,58552,1197682.43539996
2013-03-15,62275,6194998.05345039
2013-03-16,33102,1437752.7028143501
2013-03-17,35109,901188.10038398
2013-03-18,42990,3761296.90257934
2013-03-19,46191,2228004.43801668
2013-03-20,46152,1599652.4576796
2013-03-21,55905,2112653.66810814
2013-03-22,59625,1431555.8727035
2013-03-23,52369,1440577.07780493
2013-03-24,52012,996136.8331029001
2013-03-25,49565,1803351.26909829
2013-03-26,47686,2572364.10586673
2013-03-27,54149,2103512.73665961
2013-03-28,60424,1479773.90442595
2013-03-29,61594,2018065.93650035
2013-03-30,58980,1281844.84198002
2013-03-31,43596,1578519.2091554601
2013-04-01,53840,1757930.66879097
2013-04-02,63054,2599527.13845498
2013-04-03,65401,2453819.1610612
2013-04-04,63634,1774335.56959241
2013-04-05,61304,2059953.04740261
2013-04-06,51807,1339416.01063025
2013-04-07,62970,1078863.33946967
2013-04-08,62723,1542488.9663957101
2013-04-09,68326,2092751.4492510601
2013-04-10,63951,2919998.54781072
2013-04-11,65427,2319066.77885694
2013-04-12,57918,1769233.77934959
2013-04-13,53946,1300796.7323108602
2013-04-14,55043,824554.87561143
2013-04-15,54420,1039766.8300388401
2013-04-16,67819,1779755.35365209
2013-04-17,56522,2355890.23125389
2013-04-18,48129,5557889.17624726
2013-04-19,57204,1518167.7394266801
2013-04-20,47842,1074884.96511816
2013-04-21,43973,979964.88303139
2013-04-22,47778,1657914.65368455
2013-04-23,61731,1597610.2834075901
2013-04-24,63929,2129932.6999740303
2013-04-25,62600,1634103.73546483
2013-04-26,54608,1169099.96902197
2013-04-27,45048,811958.35014336
2013-04-28,41620,590540.75262285
2013-04-29,52174,1895748.21587801
2013-04-30,46550,972607.49911858
2013-05-01,55150,1359977.8674741602
2013-05-02,56272,894202.46938035
2013-05-03,50914,807294.45837118
2013-05-04,50517,523338.81178855995
2013-05-05,49146,668766.67091202
2013-05-06,53467,972400.2710513601
2013-05-07,56607,897744.00690551
2013-05-08,50417,741132.27084264
2013-05-09,66029,686135.84586165
2013-05-10,67889,945693.33711064
2013-05-11,73690,728330.92219315
2013-05-12,64383,459647.69520501
2013-05-13,60538,1126851.19882579
2013-05-14,66754,781008.57052748
2013-05-15,63797,752465.11305761
2013-05-16,61577,729297.2719712
2013-05-17,59224,836382.1657439
2013-05-18,51024,735310.76079958
2013-05-19,47280,421679.37738582
2013-05-20,49007,537864.9166367
2013-05-21,53553,670779.51721399
2013-05-22,51871,760295.31905547
2013-05-23,59056,660574.41790771
2013-05-24,55258,747948.55543272
2013-05-25,51506,734390.78311529
2013-05-26,39816,380540.02614783
2013-05-27,52882,696158.86631114
2013-05-28,56700,671153.83135879
2013-05-29,54783,786049.11288744
2013-05-30,57817,631196.51791264
2013-05-31,53711,670053.69393119
2013-06-01,53500,477025.43961038
2013-06-02,49934,429216.73028357
2013-06-03,55745,775526.7090877
2013-06-04,57150,654926.22633218
2013-06-05,57213,708530.59065159
2013-06-06,53687,719133.89604699
2013-06-07,51984,673481.3816337
2013-06-08,48008,393087.35288853996
2013-06-09,44640,678384.90096707
2013-06-10,44320,477366.5035569
2013-06-11,49607,595016.74422504
2013-06-12,45783,558302.79715757
2013-06-13,43566,614516.70966525
2013-06-14,49242,704737.40719255
2013-06-15,35770,415720.89972832997
2013-06-16,42707,511894.47255789
2013-06-17,46174,578423.22909493
2013-06-18,45691,639135.83148617
2013-06-19,46774,577611.79062159
2013-06-20,52596,728786.40138077
2013-06-21,46914,708696.06967284
2013-06-22,44743,434543.39055849
2013-06-23,38029,327697.24060717
2013-06-24,43640,604411.20047994
2013-06-25,44849,717593.88043683
2013-06-26,45593,621925.38716485
2013-06-27,45775,562808.83100106
2013-06-28,49474,661535.51595462
2013-06-29,36051,525144.85583593
2013-06-30,30930,404519.9774506
2013-07-01,39025,872759.13067631
2013-07-02,40011,782473.58047223
2013-07-03,35114,874148.40941662
2013-07-04,34629,732292.70796359
2013-07-05,36853,1070467.18048931
2013-07-06,33220,710980.42945219
2013-07-07,30478,627273.1021932
2013-07-08,39400,915474.20306714
2013-07-09,40555,1136108.68603085
2013-07-10,39032,1035816.7447665901
2013-07-11,43450,1067811.70558938
2013-07-12,49225,1095472.07916401
2013-07-13,36875,776064.57901292
2013-07-14,34196,559619.14664679
2013-07-15,36597,697979.86437035
2013-07-16,39184,948204.38565762
2013-07-17,40640,1081265.30538366
2013-07-18,40762,997551.92045983
2013-07-19,37156,827340.62580148
2013-07-20,33243,478325.57332607
2013-07-21,35270,572299.61589447
2013-07-22,40098,948721.57539246
2013-07-23,37776,880934.39219397
2013-07-24,42373,900564.11128518
2013-07-25,42232,813782.35423363
2013-07-26,37784,800512.36206637
2013-07-27,36115,434697.95287065
2013-07-28,37516,622322.29732191
2013-07-29,41137,736077.93870339
2013-07-30,42327,1004814.0799093801
2013-07-31,49634,868508.2795339801
2013-08-01,50641,1137095.56831073
2013-08-02,51742,914689.58928008
2013-08-03,45042,661139.13661482
2013-08-04,43041,519840.39687911
2013-08-05,50117,831094.99256519
2013-08-06,54308,756229.21752603
2013-08-07,57890,816924.4919770301
2013-08-08,57250,711660.11727619
2013-08-09,50073,620982.91223417
2013-08-10,51119,509373.72295600997
2013-08-11,37978,424136.03207687
2013-08-12,50497,848383.3098544
2013-08-13,52706,1295986.70732998
2013-08-14,51750,1335283.04914781
2013-08-15,57577,815395.77702859
2013-08-16,71023,1067515.6447642501
2013-08-17,57096,1006179.35631858
2013-08-18,55364,777905.9156290201
2013-08-19,71763,1115838.56959263
2013-08-20,62599,963424.33652409
2013-08-21,60545,1273046.31795132
2013-08-22,66422,819543.2938631501
2013-08-23,55360,827288.3003250201
2013-08-24,50943,549688.99371751
2013-08-25,44433,553007.25978672
2013-08-26,56653,713172.68198078
2013-08-27,61282,895631.53918418
2013-08-28,64457,780138.73084016
2013-08-29,59301,2638740.59286553
2013-08-30,62471,827768.5149927901
2013-08-31,47078,873267.59013719
2013-09-01,45945,809658.68601315
2013-09-02,51565,828861.30214448
2013-09-03,51650,926985.46163135
2013-09-04,52874,908641.0763594001
2013-09-05,60260,881736.71229453
2013-09-06,60952,698624.11568069
2013-09-07,52066,630908.26906389
2013-09-08,46125,391799.84781712
2013-09-09,57661,1027677.69632161
2013-09-10,52807,635645.85982234
2013-09-11,48809,824590.2612401401
2013-09-12,52602,708327.56721029
2013-09-13,44107,638105.75959346
2013-09-14,43380,567991.65851993
2013-09-15,53649,398053.14701094
2013-09-16,52573,678535.62953866
2013-09-17,66849,619117.26420697
2013-09-18,60444,835671.38076166
2013-09-19,59414,795276.12245876
2013-09-20,58818,728708.27802643
2013-09-21,52333,447819.39698639
2013-09-22,51069,491689.13660404
2013-09-23,64863,1019870.3798519899
2013-09-24,62275,919127.21978539
2013-09-25,55581,836127.1932747
2013-09-26,56899,729415.51138265
2013-09-27,46397,686606.78657637
2013-09-28,42238,527269.84070589
2013-09-29,40656,548230.39842627
2013-09-30,46913,821336.89158485
2013-10-01,56988,1083116.07372595
2013-10-02,62025,1195161.08367536
2013-10-03,59190,909889.79949074
2013-10-04,51709,796804.95474372
2013-10-05,45247,442923.75694699
2013-10-06,42871,415398.36514800997
2013-10-07,44132,683919.93795273
2013-10-08,45556,729220.78126956
2013-10-09,50068,894143.84102605
2013-10-10,57340,748308.52403004
2013-10-11,51517,823644.92368894
2013-10-12,48908,687831.24133127
2013-10-13,50985,707486.42971679
2013-10-14,57234,913394.15180012
2013-10-15,55593,919900.55604091
2013-10-16,50416,1015499.84856269
2013-10-17,47586,873201.77931157
2013-10-18,59066,911087.69125227
2013-10-19,55385,1004065.15429947
2013-10-20,48792,710283.56570731
2013-10-21,60028,1051577.03216202
2013-10-22,65386,1207483.31067328
2013-10-23,54945,1082574.15199086
2013-10-24,63136,1023553.8820728001
2013-10-25,57029,2808691.01503126
2013-10-26,47574,681521.79814509
2013-10-27,43471,507726.41152838
2013-10-28,51121,640069.31398152
2013-10-29,50027,1690854.93179846
2013-10-30,48150,707043.37226331
2013-10-31,57692,677147.97887671
2013-11-01,45175,633370.98996369
2013-11-02,39118,642645.92382566
2013-11-03,35300,584234.39896498
2013-11-04,45450,970790.15805984
2013-11-05,51713,1110359.82835775
2013-11-06,55444,923102.14066474
2013-11-07,61556,1246749.6852746601
2013-11-08,60380,1039002.73981043
2013-11-09,53654,884320.87991385
2013-11-10,55254,788586.23170538
2013-11-11,57348,744907.77248732
2013-11-12,57818,1098882.66016965
2013-11-13,65576,1274635.72275696
2013-11-14,68133,1131196.2273631
2013-11-15,60118,2498328.92782898
2013-11-16,47201,1550914.1004139301
2013-11-17,50670,1116539.92661087
2013-11-18,84191,2137504.81424248
2013-11-19,94082,2337898.9723906
2013-11-20,74023,1661369.27493491
2013-11-21,70970,2171151.6848536
2013-11-22,75560,2452944.49229121
2013-11-23,72466,1479662.57631783
2013-11-24,60450,1504521.5677640801
2013-11-25,71317,1443905.7079103
2013-11-26,85577,4075263.88532908
2013-11-27,94507,3274360.94785977
2013-11-28,98072,3503504.25534499
2013-11-29,90652,2526473.46035437
2013-11-30,74489,1853447.87388319
2013-12-01,71343,1483818.3686816602
2013-12-02,76331,1455330.22404755
2013-12-03,76919,1159526.21643819
2013-12-04,80194,1366700.89148932
2013-12-05,82610,1521257.8913338
2013-12-06,71324,1156928.25192957
2013-12-07,67071,2336174.75689136
2013-12-08,47373,1345979.89678299
2013-12-09,63199,1078011.1521604
2013-12-10,67906,835729.81879293
2013-12-11,65060,1084859.08574854
2013-12-12,58397,895047.28900936
2013-12-13,60721,935424.7421267501
2013-12-14,55220,645924.00877816
2013-12-15,52169,455335.85076826
2013-12-16,69822,2175894.59576071
2013-12-17,67128,1498769.12434847
2013-12-18,80772,1985245.6170849002
2013-12-19,70292,1360222.55684398
2013-12-20,66327,939161.63999178
2013-12-21,55268,978438.59891654
2013-12-22,51758,898669.60908668
2013-12-23,53829,714487.57920314
2013-12-24,56472,962103.48452573
2013-12-25,54032,799195.77583892
2013-12-26,51196,615623.51153696
2013-12-27,52791,592890.10441674
2013-12-28,48041,631521.06422599
2013-12-29,49941,871275.77439969
2013-12-30,55780,751171.88917244
2013-12-31,50055,522541.95707336
2014-01-01,42340,530072.40576315
2014-01-02,55036,725465.69340425
2014-01-03,60707,879692.23341675
2014-01-04,52144,660515.57221171
2014-01-05,58527,905471.3692558401
2014-01-06,67615,988073.64533814
2014-01-07,62513,925676.26457529
2014-01-08,60984,785969.62262378
2014-01-09,58742,592006.29555301
2014-01-10,55270,571248.00393909
2014-01-11,54717,419995.99635274
2014-01-12,3443,25173.22540545
2014-01-29,1,0.0876105
2014-01-30,6,9.72924851
2014-02-03,48231,393147.69974367
2014-02-04,67507,775041.75607262
2014-02-05,67249,808950.28126781
2014-02-06,70175,647520.35582877
2014-02-07,70967,868389.93801241
2014-02-08,64032,567293.37385603
2014-02-09,57564,504702.56019901
2014-02-10,65989,780805.85227272
2014-02-11,67084,691027.32649145
2014-02-12,61512,628515.96904446
2014-02-13,68461,687551.83371371
2014-02-14,74303,671907.2679539
2014-02-15,60928,949420.7186474301
2014-02-16,57222,630376.01470214
2014-02-17,60241,496320.24037269
2014-02-18,66202,503819.40154592
2014-02-19,69870,451828.28523131
2014-02-20,70884,559249.64456274
2014-02-21,69579,517029.70838128
2014-02-22,57588,393087.67824695003
2014-02-23,59742,410226.72686599
2014-02-24,73914,773967.14083707
2014-02-25,80722,1094011.50563852
2014-02-26,72452,699789.54502946
2014-02-27,70586,562621.06175904
2014-02-28,70797,626518.93857177
2014-03-01,62221,811452.31328888
2014-03-02,57243,527967.35886296
2014-03-03,81277,1094651.67109989
2014-03-04,84409,1009460.92475513
2014-03-05,71867,678199.51855415
2014-03-06,69810,619044.63871573
2014-03-07,71996,2467511.4239497
2014-03-08,64739,1582764.82690921
2014-03-09,62302,953281.50056376
2014-03-10,71438,1552390.1324307001
2014-03-11,76399,949321.63321306
2014-03-12,75633,1051888.15327802
2014-03-13,72588,772961.17758312
2014-03-14,69485,608033.24440342
2014-03-15,61212,591573.4911839899
2014-03-16,59199,385047.68666446
2014-03-17,66732,555489.23828927
2014-03-18,53834,2638586.92194369
2014-03-19,73415,1103369.5902304
2014-03-20,70532,678551.88167154
2014-03-21,73120,593925.66761766
2014-03-22,66563,416944.7637366
2014-03-23,58000,339247.09302055003
2014-03-24,69448,665771.25623628
2014-03-25,71910,540236.32631714
2014-03-26,68483,520705.06768302
2014-03-27,70912,785044.37212035
2014-03-28,66942,824045.10614696
2014-03-29,52840,396959.70749551
2014-03-30,57048,601911.61229623
2014-03-31,64987,745149.03592083
2014-04-01,63726,680710.28091124
2014-04-02,66853,754443.11732004
2014-04-03,66995,782176.81060399
2014-04-04,66022,671404.11487446
2014-04-05,54682,718535.03103778
2014-04-06,50027,440845.6971837
2014-04-07,65508,464356.28024515
2014-04-08,68432,459655.03969019
2014-04-09,64483,600474.31248724
2014-04-10,69061,848669.46737839
2014-04-11,64328,759501.97067512
2014-04-12,47849,401883.82057875
2014-04-13,51232,410112.50536637
2014-04-14,70260,612977.76207847
2014-04-15,73587,680723.60507484
2014-04-16,67822,794093.6045415
2014-04-17,64839,823623.24934284
2014-04-18,56223,768592.3049935
2014-04-19,52915,452317.38405775
2014-04-20,49190,417789.32836663
2014-04-21,60498,735626.74479821
2014-04-22,75120,868010.23745438
2014-04-23,75526,681759.45509386
2014-04-24,71700,435061.24279814
2014-04-25,72137,550352.95588072
2014-04-26,51542,333610.24810365
2014-04-27,52465,300610.77711779
2014-04-28,64528,579934.25239142
2014-04-29,64360,558499.81662947
2014-04-30,63800,500117.7948781
2014-05-01,59692,431342.47002557997
2014-05-02,60160,662505.00351476
2014-05-03,53980,553568.82240785
2014-05-04,52082,424601.73708095
2014-05-05,68220,635457.46677588
2014-05-06,75709,671114.5763166801
2014-05-07,70006,841861.03847742
2014-05-08,68679,1342540.1648334898
2014-05-09,65990,1248040.84941081
2014-05-10,55659,665151.11852929
2014-05-11,54688,462745.58053982
2014-05-12,72626,541405.0672728299
2014-05-13,69059,672812.63012559
2014-05-14,69673,729744.16666242
2014-05-15,74418,817364.26097702
2014-05-16,65262,647018.86094467
2014-05-17,53611,485089.804286
2014-05-18,49592,268605.62725398
2014-05-19,64352,530209.36252426
2014-05-20,71482,1494534.15896744
2014-05-21,69159,723611.38308853
2014-05-22,72828,765546.14914607
2014-05-23,72189,1240525.1248647901
2014-05-24,52937,914110.55221591
2014-05-25,57254,835471.22844824
2014-05-26,67215,757893.80913702
2014-05-27,68667,950208.38462472
2014-05-28,71899,865516.73663522
2014-05-29,64607,652075.47212169
2014-05-30,65163,927195.50623738
2014-05-31,51944,584664.40386018
2014-06-01,55220,738370.26168193
2014-06-02,64695,952488.44305967
2014-06-03,68972,897309.46819869
2014-06-04,64857,1034526.28094997
2014-06-05,67403,955987.4677393
2014-06-06,61381,1031983.6060753
2014-06-07,51249,607733.49520872
2014-06-08,48427,765307.20910654
2014-06-09,59157,384302.43546602
2014-06-10,64297,599524.11374877
2014-06-11,62900,533770.97582456
2014-06-12,63992,1103454.60872633
2014-06-13,64725,742751.22260289
2014-06-14,53464,456071.37045107
2014-06-15,54460,455152.55641125
2014-06-16,67331,729727.91036954
2014-06-17,69075,473644.9753321
2014-06-18,63774,545261.03004852
2014-06-19,62141,717440.32141261
2014-06-20,57642,565389.61149312
2014-06-21,50811,453889.57718373
2014-06-22,50447,527533.72736642
2014-06-23,59635,619588.42790743
2014-06-24,64293,872642.0060187
2014-06-25,65019,510107.23848258
2014-06-26,61510,516542.97618412
2014-06-27,62681,481952.03107011
2014-06-28,54148,334014.84477008
2014-06-29,50653,368606.48416664
2014-06-30,68971,672755.27596254
2014-07-01,70896,906167.7857360101
2014-07-02,64122,894364.92094071
2014-07-03,62581,599296.04039161
2014-07-04,59340,385869.27231423
2014-07-05,49466,417731.57123674
2014-07-06,52134,370788.96453062
2014-07-07,65030,468763.13577486
2014-07-08,69802,364345.23627066
2014-07-09,67751,460912.07568281
2014-07-10,64522,513981.79527332
2014-07-11,58930,421581.71331774
2014-07-12,53372,465075.33106556
2014-07-13,52018,477103.44343797
2014-07-14,63096,509822.88587348
2014-07-15,71662,555463.02083765
2014-07-16,65896,600949.87004012
2014-07-17,66380,466696.39601271
2014-07-18,63498,508056.14195804
2014-07-19,59270,303303.55254034
2014-07-20,51868,281043.66621231
2014-07-21,64723,446924.18509444
2014-07-22,66492,378465.83903153
2014-07-23,66197,408180.93595667
2014-07-24,66083,537594.80282088
2014-07-25,61015,489923.96126686997
2014-07-26,57060,306061.2689281
2014-07-27,51293,264844.99123148
2014-07-28,64081,473794.8619526
2014-07-29,62702,500313.91518123
2014-07-30,65249,408692.98065244
2014-07-31,69169,424109.90107062
2014-08-01,67974,462469.07888862997
2014-08-02,54996,388280.15773857
2014-08-03,53696,418546.33172973
2014-08-04,67394,421976.20174290997
2014-08-05,74768,629357.37913863
2014-08-06,78183,447575.38833236
2014-08-07,70378,432099.51210854
2014-08-08,67711,333682.18804977
2014-08-09,60720,357832.89710461
2014-08-10,57593,358461.82928336
2014-08-11,75434,555204.70060151
2014-08-12,76843,738243.17842954
2014-08-13,75237,699694.18436422
2014-08-14,79682,747212.31971133
2014-08-15,74012,764365.5221480901
2014-08-16,66070,669964.97378839
2014-08-17,59798,496882.68385918
2014-08-18,72377,1011051.44888635
2014-08-19,74874,626992.10756258
2014-08-20,73356,559927.6798829699
2014-08-21,72983,765380.28055213
2014-08-22,66846,3172221.92059824
2014-08-23,57581,700091.50263767
2014-08-24,56541,412149.13658513
2014-08-25,69689,957353.93920939
2014-08-26,72697,1782638.90621094
2014-08-27,75151,1431662.67457376
2014-08-28,72321,747036.23655424
2014-08-29,67821,585370.86857678
2014-08-30,60849,592710.81281439
2014-08-31,57695,508246.47241063
2014-09-01,70227,705976.27991433
2014-09-02,71378,568104.06212637
2014-09-03,71772,500696.80437414
2014-09-04,70620,446816.20884878
2014-09-05,68148,495118.7660017
2014-09-06,62799,309517.39825355
2014-09-07,60131,368867.72378994
2014-09-08,76428,503846.8508663
2014-09-09,80780,509268.28307635
2014-09-10,72069,468252.39771333
2014-09-11,66250,447711.06411185
2014-09-12,67563,455265.39845617
2014-09-13,61586,327045.36120173003
2014-09-14,67521,366497.45827754
2014-09-15,78432,460316.84817077
2014-09-16,86921,429683.34986596997
2014-09-17,80446,473508.10878316
2014-09-18,76603,701727.30802868
2014-09-19,69411,702780.88450756
2014-09-20,63654,751412.4781355
2014-09-21,59198,796262.35906621
2014-09-22,72814,531384.94232317
2014-09-23,76950,784281.64320074
2014-09-24,74597,910649.13246591
2014-09-25,78188,674799.62953574
2014-09-26,72401,559139.9239567
2014-09-27,63046,516018.86749306
2014-09-28,61217,460008.74493383
2014-09-29,78559,702216.01097621
2014-09-30,77987,664642.03125293
2014-10-01,77985,694469.90041186
2014-10-02,71453,592692.40258339
2014-10-03,75356,729183.71856772
2014-10-04,66117,651024.45679151
2014-10-05,66745,918458.8754917
2014-10-06,77748,1127607.7828230201
2014-10-07,79311,863068.12428168
2014-10-08,78636,901166.38699163
2014-10-09,82218,966334.13456719
2014-10-10,80309,978922.60717337
2014-10-11,64616,579388.62377919
2014-10-12,63365,471933.51708535
2014-10-13,78375,780530.92675508
2014-10-14,82031,898950.31217129
2014-10-15,74936,1186307.97368816
2014-10-16,75828,1055474.85342023
2014-10-17,69916,905885.07005615
2014-10-18,66629,599285.12221578
2014-10-19,64743,456025.03505666
2014-10-20,81247,823016.1385831201
2014-10-21,81207,576497.65406736
2014-10-22,79181,858914.62061696
2014-10-23,80603,1083016.31889072
2014-10-24,78159,709332.70752435
2014-10-25,72224,910086.55509416
2014-10-26,71076,870227.82663042
2014-10-27,83835,1073706.02240354
2014-10-28,87459,840573.94234707
2014-10-29,94290,798660.19650901
2014-10-30,91795,708581.32921745
2014-10-31,85083,1286924.3762231
2014-11-01,69208,693462.59021005
2014-11-02,76387,547233.78321771
2014-11-03,90058,1072624.2304652801
2014-11-04,90611,1163662.55960072
2014-11-05,88994,956728.58346702
2014-11-06,92527,816628.91814273
2014-11-07,83589,768876.37369009
2014-11-08,72845,561081.84749321
2014-11-09,72175,533409.45181644
2014-11-10,88494,933654.91219762
2014-11-11,85561,692296.51847613
2014-11-12,95352,1120420.29247576
2014-11-13,93113,1646698.3746655202
2014-11-14,85726,959895.44825761
2014-11-15,72788,796275.54616312
2014-11-16,75648,723209.78649658
2014-11-17,88863,841108.36984612
2014-11-18,86781,975247.11902175
2014-11-19,85783,939594.97618928
2014-11-20,88982,1029497.21025551
2014-11-21,81926,1317365.32543679
2014-11-22,74389,783459.44370211
2014-11-23,76491,594312.80805044
2014-11-24,86702,802161.7585667
2014-11-25,86650,970114.9166294701
2014-11-26,85106,1052766.42066389
2014-11-27,83429,986234.71709613
2014-11-28,86441,1350694.6294911401
2014-11-29,79254,975382.29864473
2014-11-30,83994,971246.98573887
2014-12-01,99306,1330946.74329564
2014-12-02,97390,1350184.10785679
2014-12-03,99923,1216332.86583244
2014-12-04,98121,1065434.55053481
2014-12-05,91021,1158929.42210522
2014-12-06,79831,605265.86387143
2014-12-07,76174,837435.05232394
2014-12-08,88719,1630210.30137046
2014-12-09,90370,1153268.84850955
2014-12-10,88590,1318064.80526549
2014-12-11,83895,811769.17565154
2014-12-12,81757,971439.53079523
2014-12-13,75605,700270.51879271
2014-12-14,79393,613144.70974464
2014-12-15,97653,893980.85275852
2014-12-16,98634,969650.4011728701
2014-12-17,98701,1140828.88834592
2014-12-18,94352,1132190.78696987
2014-12-19,93398,873335.55073931
2014-12-20,86876,714304.32451677
2014-12-21,79809,961988.30433561
2014-12-22,95210,994876.4215570401
2014-12-23,98877,1202019.58732803
2014-12-24,82649,830210.50840993
2014-12-25,67533,866483.94267402
2014-12-26,75889,707354.4250451
2014-12-27,77480,660914.96138805
2014-12-28,75021,687503.38821352
2014-12-29,83904,799733.16009095
2014-12-30,85183,1094208.84899384
2014-12-31,76135,945370.2561590701
2015-01-01,59247,468080.10677640996
2015-01-02,79372,728923.22297966
2015-01-03,82919,850545.95452402
2015-01-04,85366,1136185.13053893
2015-01-05,95925,1139696.34941075
2015-01-06,87477,1161098.18578423
2015-01-07,91838,1265489.04925922
2015-01-08,106914,1435252.22915327
2015-01-09,101186,1270654.47563719
2015-01-10,105710,959264.0574355699
2015-01-11,89453,1222159.6624187
2015-01-12,100966,1038375.99038724
2015-01-13,100909,1779449.83396023
2015-01-14,107295,2438147.4237349
2015-01-15,117434,2535858.74075966
2015-01-16,104820,1961391.5544906
2015-01-17,90108,1108220.36197311
2015-01-18,84533,988005.47524614
2015-01-19,97425,989953.56884695
2015-01-20,99489,1424530.5852244801
2015-01-21,95825,1415832.20671303
2015-01-22,95695,1225962.01153768
2015-01-23,90893,1015308.73416646
2015-01-24,83732,1203987.46768988
2015-01-25,85894,930496.6663459301
2015-01-26,108997,2160539.58671643
2015-01-27,98161,1122457.61746268
2015-01-28,85831,930885.84861051
2015-01-29,90590,973699.00550947
2015-01-30,81103,889576.43947023
2015-01-31,85538,781579.62864898
2015-02-01,78687,747524.03796627
2015-02-02,85375,985233.2769735
2015-02-03,92313,1306766.64403686
2015-02-04,90918,1217183.5432839799
2015-02-05,87239,1252222.35130699
2015-02-06,84448,926553.2197789
2015-02-07,85617,628108.00246298
2015-02-08,83332,641849.14087279
2015-02-09,104817,877570.0622449999
2015-02-10,102750,826299.26552519
2015-02-11,96324,868516.24446825
2015-02-12,90395,759095.38085548
2015-02-13,113668,1023003.50722581
2015-02-14,97630,708681.1259054
2015-02-15,84060,723215.56830462
2015-02-16,105603,742714.3359583201
2015-02-17,103211,795781.83043929
2015-02-18,103175,839198.946271
2015-02-19,94580,709593.94622259
2015-02-20,98280,787466.63202902
2015-02-21,88512,616128.1832606801
2015-02-22,84518,470720.70605126
2015-02-23,101848,834308.15326644
2015-02-24,105098,731262.21366542
2015-02-25,104206,818471.65655907
2015-02-26,100536,1150675.56890854
2015-02-27,107377,1510323.5500444
2015-02-28,86333,626097.44999106
2015-03-01,87801,1263193.47822434
2015-03-02,106336,1922530.1095495902
2015-03-03,109467,1104736.32218135
2015-03-04,100078,924408.47653369
2015-03-05,98138,1059020.36089105
2015-03-06,94252,827846.62275891
2015-03-07,92005,1193487.62259072
2015-03-08,87190,2216627.73218769
2015-03-09,105697,1128139.92069153
2015-03-10,104689,1120670.16562467
2015-03-11,101846,896134.40340575
2015-03-12,95395,1044802.54265891
2015-03-13,96197,939989.83247562
2015-03-14,89778,800192.4878947
2015-03-15,84742,579430.61272905
2015-03-16,104492,934846.26385873
2015-03-17,101647,792055.69812123
2015-03-18,97603,1521873.71082943
2015-03-19,106515,1103167.5540068801
2015-03-20,103213,822601.1046104601
2015-03-21,93870,649215.46127896
2015-03-22,89322,486715.80750005
2015-03-23,105574,891643.9905505
2015-03-24,33732,321721.01193442
2015-04-22,22,2.63862959
2015-04-23,5,1.25955179
2015-04-26,23,1.94770725
2015-04-27,718,6058.88020974
2015-04-28,113937,1322367.20594714
2015-04-29,116453,1274966.89756274
2015-04-30,113548,1197888.53624333
2015-05-01,98903,1217146.8832722001
2015-05-02,95007,837671.71973775
2015-05-03,84828,813801.2888937
2015-05-04,101977,1239069.24205588
2015-05-05,114865,1203105.36732737
2015-05-06,111722,1180816.39884045
2015-05-07,111647,1310657.95025506
2015-05-08,108190,1081326.5968519
2015-05-09,95056,894502.58359778
2015-05-10,89306,961359.62104998
2015-05-11,110621,1176165.14721775
2015-05-12,110394,1053028.1175149
2015-05-13,108653,1114133.42826279
2015-05-14,101280,1040628.54147167
2015-05-15,104744,940270.3617519
2015-05-16,90560,762127.23682708
2015-05-17,87165,622844.50720431
2015-05-18,99151,947370.0158850601
2015-05-19,105903,1184726.56753785
2015-05-20,107791,1102243.80315658
2015-05-21,97504,944537.07019888
2015-05-22,102236,1298513.08015993
2015-05-23,86529,950880.6126564001
2015-05-24,93084,719229.30063502
2015-05-25,106748,947443.7346473701
2015-05-26,108806,1012421.61190268
2015-05-27,109292,1155628.19707243
2015-05-28,110873,1008266.47094495
2015-05-29,126115,1084482.90889373
2015-05-30,124872,905522.03716036
2015-05-31,97035,925302.33453525
2015-06-01,129689,1517540.32554726
2015-06-02,128205,1422839.00767366
2015-06-03,126788,1363762.9773087401
2015-06-04,118225,1243282.43212573
2015-06-05,110333,1442182.7151025902
2015-06-06,91688,1059305.80296633
2015-06-07,84481,984244.71683546
2015-06-08,109294,1135797.7150529
2015-06-09,118067,1264322.78972541
2015-06-10,130978,1308766.87410847
2015-06-11,122492,1276698.5355855
2015-06-12,125141,1360114.56892297
2015-06-13,104917,1049685.74085794
2015-06-14,105066,1330070.33138844
2015-06-15,127634,1470275.97502082
2015-06-16,124411,1911191.22436573
2015-06-17,129515,1857413.39137654
2015-06-18,126222,1489534.87330528
2015-06-19,125241,1838867.9956946599
2015-06-20,100517,1102528.87537289
2015-06-21,96687,979032.50361826
2015-06-22,117609,1086454.80035667
2015-06-23,122207,1153158.00784176
2015-06-24,112261,1145165.89714785
2015-06-25,111206,951213.44709914
2015-06-26,116724,1524823.89009371
2015-06-27,105495,1261318.78156558
2015-06-28,99308,822322.13285151
2015-06-29,123866,1334102.6722506701
2015-06-30,164969,1693046.22844983
2015-07-01,134381,1273186.73649152
2015-07-02,142165,1343073.75552422
2015-07-03,129322,1251151.49042716
2015-07-04,104817,932333.0186597301
2015-07-05,114353,1142289.37637781
2015-07-06,177081,1522971.77707498
2015-07-07,197054,1280549.21111808
2015-07-08,206535,1272146.85690271
2015-07-09,178689,1287243.25025692
2015-07-10,193698,1848006.77091853
2015-07-11,186632,1269283.64080447
2015-07-12,210475,1267758.86347577
2015-07-13,156798,1370335.57285415
2015-07-14,122099,1305677.21283925
2015-07-15,115242,1273022.4017186998
2015-07-16,115674,1397332.7144953199
2015-07-17,118276,1196759.3769598799
2015-07-18,125946,900868.9049802702
2015-07-19,119818,741579.32371359
2015-07-20,125749,1015959.9387712901
2015-07-21,133903,1068064.85994793
2015-07-22,130993,1066501.6585294001
2015-07-23,108621,1136438.06095333
2015-07-24,110452,1236571.24166402
2015-07-25,99941,768354.80123373
2015-07-26,93716,603281.87958002
2015-07-27,114599,1021496.65257151
2015-07-28,123238,1237834.91888492
2015-07-29,140239,1115491.38917736
2015-07-30,126601,1054326.5569802
2015-07-31,142103,1023773.7627605401
2015-08-01,119961,785131.59795291
2015-08-02,102937,649130.8137697001
2015-08-03,119675,1035284.55962716
2015-08-04,132388,1186845.4780182801
2015-08-05,133616,1248515.07189698
2015-08-06,134679,1161169.38534347
2015-08-07,111037,1131426.8979382701
2015-08-08,101735,1256961.4753585102
2015-08-09,90380,1240342.19982227
2015-08-10,116652,1248532.60477585
2015-08-11,114542,1185882.12380037
2015-08-12,118046,1364312.6257309401
2015-08-13,117281,1473144.37528441
2015-08-14,111106,1393159.34735035
2015-08-15,94797,1048155.3918964701
2015-08-16,89339,1099520.64561754
2015-08-17,114887,1530998.94475356
2015-08-18,119655,1834455.52966098
2015-08-19,119983,1668070.96196988
2015-08-20,118067,1610288.77884775
2015-08-21,113601,1438914.3938671001
2015-08-22,105504,1294547.8606020801
2015-08-23,94394,1050906.19991039
2015-08-24,125207,2040860.70838696
2015-08-25,121826,2087277.9264279301
2015-08-26,122687,1598613.82673795
2015-08-27,119940,1517915.03313749
2015-08-28,120219,1692844.95860935
2015-08-29,107276,966581.19322936
2015-08-30,98129,792603.44367699
2015-08-31,127033,1285248.02566073
2015-09-01,129614,1446310.7061991
2015-09-02,149890,1416706.245245
2015-09-03,128535,1240750.4817079701
2015-09-04,103814,1122282.3758690201
2015-09-05,124070,923968.47980984
2015-09-06,106137,970965.32932325
2015-09-07,125311,1033618.73313162
2015-09-08,125231,1402321.61556317
2015-09-09,126304,1318915.2997136
2015-09-10,124779,1384226.81918272
2015-09-11,179843,1225178.20640965
2015-09-12,137604,788790.59658326
2015-09-13,145896,853484.31400666
2015-09-14,166562,1270971.06722069
2015-09-15,162838,1324779.20763417
2015-09-16,167122,1444125.85072472
2015-09-17,259133,1309922.9859357
2015-09-18,161357,1290489.03572557
2015-09-19,114726,1100694.9634418201
2015-09-20,109030,918118.67767976
2015-09-21,131544,1623016.85709406
2015-09-22,136623,1505345.41202094
2015-09-23,131235,1271132.7759805901
2015-09-24,125219,1215312.42984064
2015-09-25,127993,1373486.30130607
2015-09-26,115474,1028022.85265925
2015-09-27,108600,758560.98617131
2015-09-28,138423,1495336.77611576
2015-09-29,140481,1703854.87276406
2015-09-30,139696,1424228.50434605
2015-10-01,134178,1590519.6899264301
2015-10-02,139605,1733460.25167349
2015-10-03,119419,1010984.77639416
2015-10-04,103377,872076.40847519
2015-10-05,125394,1372198.09946556
2015-10-06,144368,1743317.9788977
2015-10-07,134798,1463937.9634679
2015-10-08,140196,2020964.94284507
2015-10-09,114513,1282402.97206948
2015-10-10,126840,1198335.41207369
2015-10-11,104404,980684.91843539
2015-10-12,134268,1417138.10923511
2015-10-13,134740,1683383.14904508
2015-10-14,141832,1708552.08682803
2015-10-15,153323,1984244.3094405502
2015-10-16,143123,1846800.8579237
2015-10-17,135779,1525256.15026517
2015-10-18,119573,1074877.38841542
2015-10-19,145358,1490549.02743959
2015-10-20,146218,1567343.89426746
2015-10-21,148649,1403810.63705385
2015-10-22,147161,1575135.69331994
2015-10-23,143277,1453766.3774577
2015-10-24,139962,1363036.12588443
2015-10-25,131322,1416217.21412149
2015-10-26,116266,1553451.30073337
2015-10-27,157371,1863308.87323102
2015-10-28,157821,1997657.76251583
2015-10-29,161330,2360256.16201365
2015-10-30,165012,2546894.21714713
2015-10-31,156164,1874925.67556645
2015-11-01,151674,1704926.4449336
2015-11-02,173948,2589358.97564046
2015-11-03,188689,6314513.3020532
2015-11-04,205057,8434520.22968397
2015-11-05,177253,3645810.5338114
2015-11-06,165912,2793894.93534417
2015-11-07,151934,2275627.00043367
2015-11-08,133286,1952797.65288286
2015-11-09,159802,3075601.49596018
2015-11-10,161222,2943444.83810832
2015-11-11,157560,3402515.7513641603
2015-11-12,158820,3007673.97831333
2015-11-13,153672,2832448.53319583
2015-11-14,150361,3097112.96139178
2015-11-15,140706,2147883.34773184
2015-11-16,159764,2686459.18209167
2015-11-17,157503,1942773.92273772
2015-11-18,163231,1808584.48690966
2015-11-19,153411,2027450.00467019
2015-11-20,156532,2232947.35768054
2015-11-21,150962,1482973.11709846
2015-11-22,129166,1137760.5771786
2015-11-23,146456,1355458.9189395
2015-11-24,150207,1422893.8692804
2015-11-25,155808,1924790.14026265
2015-11-26,161113,2096725.5238088001
2015-11-27,163547,2200989.55726342
2015-11-28,163939,1943888.88148732
2015-11-29,135308,1429884.5376083
2015-11-30,177438,2409877.54359483
2015-12-01,178920,2486183.51748722
2015-12-02,182622,2738700.91502827
2015-12-03,163393,2079378.0950381202
2015-12-04,172270,2657721.8857518896
2015-12-05,186069,4916213.57172547
2015-12-06,179476,5473333.3364246
2015-12-07,192542,3191090.8028912502
2015-12-08,195009,3016133.63093653
2015-12-09,220492,3947777.65030111
2015-12-10,210995,3233272.6752890903
2015-12-11,214711,3793207.23378689
2015-12-12,204242,3390155.30346714
2015-12-13,192136,5198568.78116379
2015-12-14,227561,4827657.60007932
2015-12-15,223197,4356304.32497438
2015-12-16,221127,4437264.26714095
2015-12-17,217409,4190456.31022087
2015-12-18,214824,4041580.11816251
2015-12-19,209917,3863245.45014993
2015-12-20,196409,3973322.02036941
2015-12-21,231299,5321744.13247751
2015-12-22,219353,4747459.48762759
2015-12-23,221677,4490787.56745936
2015-12-24,210102,4700518.29330429
2015-12-25,178297,3904505.10343791
2015-12-26,178875,2679854.52815834
2015-12-27,159346,1441895.5918499401
2015-12-28,174260,2155061.29047834
2015-12-29,183926,2146217.55519602
2015-12-30,179597,2309117.20898672
2015-12-31,152470,1147144.30785486
2016-01-01,122717,947763.43971869
2016-01-02,149170,1034381.2684224601
2016-01-03,143519,901643.30436673
2016-01-04,180695,1060063.76895609
2016-01-05,181989,1389985.88160666
2016-01-06,175985,1374203.76969387
2016-01-07,188913,1569819.37134488
2016-01-08,178040,1179538.28127609
2016-01-09,181122,852389.44682465
2016-01-10,159611,1151570.47217891
2016-01-11,191478,1821669.87178093
2016-01-12,195614,1286470.03795019
2016-01-13,188980,1400156.55110859
2016-01-14,181547,1229807.03123824
2016-01-15,189173,1766718.75429499
2016-01-16,185367,1419632.83883706
2016-01-17,203824,10353653.75222133
2016-01-18,214309,9464397.79608908
2016-01-19,195170,8886089.74220727
2016-01-20,203529,3898484.69859544
2016-01-21,220852,5243908.30145698
2016-01-22,211415,7757597.39453385
2016-01-23,191151,29719485.483592022
2016-01-24,199864,67342441.60598366
2016-01-25,225675,17375891.15064217
2016-01-26,229042,10399599.13215654
2016-01-27,229498,14026617.03363311
2016-01-28,224570,5931632.28659202
2016-01-29,222932,7174278.61212655
2016-01-30,194362,3504521.9058368797
2016-01-31,175657,1699471.25969923
2016-02-01,234260,5521655.21602437
2016-02-02,231578,3645682.62024467
2016-02-03,189008,1567598.72476515
2016-02-04,202902,2508199.1134698503
2016-02-05,223001,3457907.75039005
2016-02-06,223659,3131557.20225883
2016-02-07,212224,3035318.04696439
2016-02-08,230571,2660838.88465971
2016-02-09,232128,2241677.79175526
2016-02-10,230292,2596645.53932836
2016-02-11,220208,2646140.36502937
2016-02-12,200956,2673091.50365399
2016-02-13,185290,2586791.90701055
2016-02-14,185458,2777905.55503471
2016-02-15,220794,3878001.7829812802
2016-02-16,223218,4035987.9368009903
2016-02-17,219446,3908441.90498476
2016-02-18,214949,3882364.13708618
2016-02-19,216195,4750577.75695773
2016-02-20,214154,4122679.1001142003
2016-02-21,208256,4219573.04285245
2016-02-22,237350,4484457.18728541
2016-02-23,244966,3922801.4088694
2016-02-24,227818,3706607.91119826
2016-02-25,212171,3061210.40431569
2016-02-26,205011,3291324.74234094
2016-02-27,179334,2515926.07828786
2016-02-28,238952,8515598.47937079
2016-02-29,280454,10039569.58836054
2016-03-01,266081,10906831.09761255
2016-03-02,266399,5696038.38699392
2016-03-03,219920,3497482.10925367
2016-03-04,204574,7444686.08759151
2016-03-05,233645,19509511.61840472
2016-03-06,160728,2004459.32600561
2016-03-07,187612,2954053.42276121
2016-03-08,196080,2229106.64928757
2016-03-09,189028,2054166.55975192
2016-03-10,189127,2450842.94493714
2016-03-11,190797,2358288.87122413
2016-03-12,168060,1828340.32719572
2016-03-13,147483,1601188.7092256101
2016-03-14,192210,2422100.61806342
2016-03-15,201266,3170766.66005321
2016-03-16,213164,13368819.33566982
2016-03-17,207251,7955013.57194131
2016-03-18,205683,5232562.97672897
2016-03-19,178150,2194462.32423332
2016-03-20,177903,1767377.89928304
2016-03-21,198843,2040882.23651101
2016-03-22,205508,2231485.1063919
2016-03-23,186409,2065846.64171475
2016-03-24,189182,2276128.88423878
2016-03-25,171962,2106620.17111924
2016-03-26,161345,1521318.16541799
2016-03-27,161027,1749387.03253997
2016-03-28,194124,2062974.12997736
2016-03-29,197710,2115595.52519766
2016-03-30,201440,2031113.51917434
2016-03-31,208169,2211328.16162283
2016-04-01,209804,2151888.92469124
2016-04-02,186706,1772831.83406328
2016-04-03,174301,1536797.91234841
2016-04-04,209303,2133659.67556834
2016-04-05,215975,2251546.99402697
2016-04-06,218804,2389758.34428235
2016-04-07,220509,2796728.62357086
2016-04-08,213594,2677741.48816382
2016-04-09,197503,2250348.91044193
2016-04-10,183639,1978696.41123409
2016-04-11,231067,2579046.12686408
2016-04-12,239715,3492801.56631496
2016-04-13,223273,3213331.91375729
2016-04-14,227116,2953595.17405525
2016-04-15,213256,3828928.77993612
2016-04-16,183480,3065905.05679724
2016-04-17,189334,2587550.35821185
2016-04-18,219626,3951612.7300951905
2016-04-19,226296,3701717.0554344
2016-04-20,216609,4073207.91749595
2016-04-21,212761,5029637.04770566
2016-04-22,211328,5302455.1911466
2016-04-23,185563,3428681.39879839
2016-04-24,182514,2201674.03910428
2016-04-25,219823,2733626.61236617
2016-04-26,130290,1530734.41983499
2016-05-04,17,4.93160232
2016-05-05,1,0.03240063
2016-05-06,1,0.0516
2016-05-07,3,0.50706284
2016-05-08,6,0.74620675
2016-05-09,34,3.3844479
2016-05-10,7,1.3724356100000001
2016-05-11,7,0.41900846
2016-05-12,13,6.01245447
2016-05-13,27,21.79037183
2016-05-14,27,53.94972864
2016-05-15,435,645.15864618
2016-05-16,147022,1263730.70190336
2016-05-17,240610,2711564.21509089
2016-05-18,234107,2253558.1869661203
2016-05-19,218804,2533511.34431594
2016-05-20,209873,2131418.51320801
2016-05-21,188567,1555116.0119284599
2016-05-22,183962,1508331.6402451599
2016-05-23,223526,2140714.74228287
2016-05-24,244735,2499828.11296516
2016-05-25,249126,3344975.88536836
2016-05-26,219767,3586670.94350481
2016-05-27,214992,4118069.83788366
2016-05-28,191875,3652200.45454696
2016-05-29,180967,2746808.28713838
2016-05-30,209120,2239017.69421503
2016-05-31,219346,2603112.51304536
2016-06-01,231748,2313735.78221505
2016-06-02,233186,2343986.07018945
2016-06-03,230974,1917563.80530142
2016-06-04,196801,1490603.29281943
2016-06-05,188375,1826531.92333709
2016-06-06,221680,1963954.64690828
2016-06-07,231312,2116775.0320212
2016-06-08,233112,2021233.65684981
2016-06-09,234033,2086223.51620617
2016-06-10,226617,2282626.4309275
2016-06-11,214038,1918311.9960014198
2016-06-12,208005,2794705.0657606297
2016-06-13,252124,2753877.3088647802
2016-06-14,259474,2411381.32458024
2016-06-15,251832,2301864.44097243
2016-06-16,265907,2801772.24933823
2016-06-17,252728,2708591.21537494
2016-06-18,234336,2340669.51998019
2016-06-19,215546,1993623.10694357
2016-06-20,249454,2635390.4050621702
2016-06-21,249743,2865967.4792141
2016-06-22,242023,2738698.16262552
2016-06-23,234200,3113115.04531088
2016-06-24,236709,2789739.5424829503
2016-06-25,205965,2083850.51969542
2016-06-26,182152,1792736.05676815
2016-06-27,216421,2165175.57474486
2016-06-28,212484,1856479.39818499
2016-06-29,224534,1996585.66065344
2016-06-30,230678,2068618.83854836
2016-07-01,209005,2030042.5839149698
2016-07-02,196165,2131964.42518067
2016-07-03,180163,1777190.83938302
2016-07-04,210799,2555576.88879215
2016-07-05,212998,2037828.43760426
2016-07-06,214532,2036204.6591294
2016-07-07,216430,2852902.5294776303
2016-07-08,211085,2298860.46326119
2016-07-09,183995,1851971.46514742
2016-07-10,162709,1522740.46757271
2016-07-11,220043,2234310.72092679
2016-07-12,216271,2297205.63971818
2016-07-13,217362,2265091.3086231602
2016-07-14,217091,2085102.49246546
2016-07-15,216395,3350599.53906595
2016-07-16,182621,1990410.0699736401
2016-07-17,171757,2038946.6796478
2016-07-18,220336,2236027.04958207
2016-07-19,223477,2554747.6546816602
2016-07-20,227960,2455696.99665498
2016-07-21,220547,2213231.68611279
2016-07-22,216246,2394277.11856551
2016-07-23,195608,1833766.9882887
2016-07-24,187166,1856120.34404627
2016-07-25,238570,1916539.5925106
2016-07-26,236511,2302752.80438098
2016-07-27,235788,2523382.77414446
2016-07-28,233505,2443346.58132405
2016-07-29,231218,2137410.2557738503
2016-07-30,199813,1879476.45803254
2016-07-31,192606,1868196.04188842
2016-08-01,225567,1721623.73794465
2016-08-02,251740,3554151.54461686
2016-08-03,238930,2430468.27213282
2016-08-04,233407,3013202.71502908
2016-08-05,228040,2309594.9884770396
2016-08-06,194201,1557019.90804397
2016-08-07,192809,1802469.33334756
2016-08-08,234918,1969458.97625513
2016-08-09,231905,2242303.31953318
2016-08-10,249801,2178131.97650257
2016-08-11,247676,2217582.33989357
2016-08-12,232871,1922612.68552002
2016-08-13,215413,2051202.7156447899
2016-08-14,199512,1718022.76585884
2016-08-15,217406,2157880.26793397
2016-08-16,244078,2669170.49905593
2016-08-17,233374,1971132.73812908
2016-08-18,239505,2354177.24327031
2016-08-19,246975,2366660.8759006
2016-08-20,207225,2086746.08709685
2016-08-21,184609,1329532.55582294
2016-08-22,228636,1982752.81646561
2016-08-23,239334,2091818.64063538
2016-08-24,236431,2100952.01390137
2016-08-25,232237,2128221.0131216403
2016-08-26,226997,2093077.4209420502
2016-08-27,189981,1451081.43272709
2016-08-28,174577,1306235.35457546
2016-08-29,232137,1745979.54211933
2016-08-30,243863,1769341.71310363
2016-08-31,226087,1778370.7115462201
2016-09-01,236263,1777544.76882789
2016-09-02,228976,1605186.28260489
2016-09-03,180021,1300568.6122612099
2016-09-04,182231,1154779.20663328
2016-09-05,227673,1715779.39429433
2016-09-06,234466,1605251.33733401
2016-09-07,247840,1589876.1154769098
2016-09-08,227982,1633394.14993439
2016-09-09,219566,1743294.4374543
2016-09-10,193269,1475533.74090134
2016-09-11,180848,1506929.11340547
2016-09-12,212146,1684756.97671392
2016-09-13,236845,1972096.4146127
2016-09-14,230064,1886440.86586684
2016-09-15,232918,1561147.13094065
2016-09-16,220893,1906738.01953593
2016-09-17,206210,1452317.87485704
2016-09-18,192495,1629051.83390384
2016-09-19,225216,2086981.09400272
2016-09-20,240994,2247530.18310779
2016-09-21,238712,1885471.06467402
2016-09-22,231569,2445316.3712627
2016-09-23,223910,2122334.91777581
2016-09-24,208437,2010671.86974078
2016-09-25,194083,1838673.46669134
2016-09-26,234234,2297788.23907961
2016-09-27,237570,1721314.74765603
2016-09-28,236552,2551821.61117671
2016-09-29,241696,1828215.6241996
2016-09-30,251044,2468527.88370264
2016-10-01,212431,1524778.8270842799
2016-10-02,200832,1469734.74116095
2016-10-03,253090,1951171.7845111
2016-10-04,262224,1899723.00033332
2016-10-05,266667,2301589.72653215
2016-10-06,274108,2282612.05055232
2016-10-07,268060,2383449.1628641803
2016-10-08,247772,2355690.84760266
2016-10-09,210502,2695766.23053633
2016-10-10,233409,2612824.2277578297
2016-10-11,260395,2859944.45507814
2016-10-12,225942,2662665.61498203
2016-10-13,231288,2094166.21850883
2016-10-14,241524,2020561.76352604
2016-10-15,206124,3395379.60123418
2016-10-16,197849,2462195.89322456
2016-10-17,242647,1905662.05778408
2016-10-18,246305,2496790.69348452
2016-10-19,231889,2083828.5538645
2016-10-20,240097,2337247.72338502
2016-10-21,261549,3136027.28008979
2016-10-22,216513,1349558.95694491
2016-10-23,191434,1876029.0187151101
2016-10-24,247590,3826947.83104045
2016-10-25,256544,3128897.4948914503
2016-10-26,241128,2247396.4021150703
2016-10-27,275525,3325066.5260004103
2016-10-28,245071,1535950.01541236
2016-10-29,227774,1492864.08690437
2016-10-30,208256,1339685.12045664
2016-10-31,243255,1811277.09436843
2016-11-01,249774,1856490.01382937
2016-11-02,267053,4829264.42058473
2016-11-03,269808,6800418.34720004
2016-11-04,252249,5853712.34367848
2016-11-05,233245,5811779.47271517
2016-11-06,230119,5387286.06319099
2016-11-07,268154,4447572.62383131
2016-11-08,296693,3501763.74776713
2016-11-09,268698,2685701.25193406
2016-11-10,271201,1757726.45164408
2016-11-11,257244,1402880.56803785
2016-11-12,229739,956410.80265767
2016-11-13,215706,1099935.05098174
2016-11-14,271105,1548568.2299047
2016-11-15,280911,1811432.28712353
2016-11-16,288924,1897417.3456326
2016-11-17,282346,1670679.83770992
2016-11-18,270731,1535326.54083381
2016-11-19,249618,1117534.88275721
2016-11-20,243463,1159936.45859941
2016-11-21,285673,1558444.31336534
2016-11-22,285486,1710031.22958331
2016-11-23,277016,1721742.51272754
2016-11-24,345933,1901690.27288813
2016-11-25,309841,1460784.5413785
2016-11-26,265917,1181773.20893951
2016-11-27,237218,948831.5158201
2016-11-28,301602,1519871.55822743
2016-11-29,292422,1406175.53627864
2016-11-30,286680,1350122.05124923
2016-12-01,291021,1623809.91832542
2016-12-02,287148,1748142.54059257
2016-12-03,267063,1160387.83840358
2016-12-04,256958,931582.2366171002
2016-12-05,297708,1791641.21499275
2016-12-06,297145,1592830.6978155
2016-12-07,299725,1512580.95680256
2016-12-08,287295,1448171.4164978
2016-12-09,267245,1521736.32891658
2016-12-10,246449,1146258.62258572
2016-12-11,229320,1052657.88664982
2016-12-12,270120,1702769.46381961
2016-12-13,293623,1567460.22229824
2016-12-14,294520,1680702.7514757202
2016-12-15,282838,2048364.65243855
2016-12-16,274877,1877325.65806411
2016-12-17,233593,1290136.76644648
2016-12-18,233004,1401924.86883948
2016-12-19,291060,1863752.04729073
2016-12-20,296446,1977964.86966686
2016-12-21,319094,2799303.31451766
2016-12-22,311695,2442377.46539274
2016-12-23,304898,2630460.1784815607
2016-12-24,240868,1525507.86886511
2016-12-25,196608,1092284.38375959
2016-12-26,251914,1541824.19626295
2016-12-27,290206,2210829.39349446
2016-12-28,306552,2067348.3944608
2016-12-29,302850,1774151.14822331
2016-12-30,286954,2206540.32106543
2016-12-31,250289,1380629.98245691
2017-01-01,194644,1116032.05640838
2017-01-02,276068,1534321.14569045
2017-01-03,301953,1955599.81767933
2017-01-04,333776,2504218.06995105
2017-01-05,323312,3112737.15312631
2017-01-06,312051,2977773.28474633
2017-01-07,280191,2134689.7607834
2017-01-08,255366,1662893.63862579
2017-01-09,290541,2215538.5337914
2017-01-10,304797,2241921.47148219
2017-01-11,304830,3982902.87883388
2017-01-12,291799,3518661.34302032
2017-01-13,278304,2362610.64415081
2017-01-14,240603,1491994.15014757
2017-01-15,230745,1718929.09112269
2017-01-16,269395,2088081.89478632
2017-01-17,290419,2338310.9274251
2017-01-18,302350,2112925.54145196
2017-01-19,300140,2392853.3333849
2017-01-20,293328,2592140.26972137
2017-01-21,263040,1518976.3527059099
2017-01-22,239480,1146231.99190056
2017-01-23,269321,1633002.58727052
2017-01-24,274263,1951312.2793213
2017-01-25,291718,1861260.04714608
2017-01-26,296985,2118599.77323073
2017-01-27,274315,1770874.83568345
2017-01-28,241836,1226816.92996618
2017-01-29,231245,1357896.92214664
2017-01-30,281836,1545675.43863095
2017-01-31,303186,1795751.75840505
2017-02-01,328471,2002110.3287016898
2017-02-02,311262,2515800.09645577
2017-02-03,298176,2371404.01805819
2017-02-04,278451,1554649.66449131
2017-02-05,267215,1766893.15536971
2017-02-06,286240,1812478.7963902
2017-02-07,299406,2008929.2686991
2017-02-08,313998,3761788.64383956
2017-02-09,319035,2133275.19227136
2017-02-10,297430,1889489.0639709
2017-02-11,257932,1437114.39136557
2017-02-12,235495,922489.4835464599
2017-02-13,298278,1602527.65430795
2017-02-14,313375,1957665.16584784
2017-02-15,297906,1733760.8579706799
2017-02-16,302779,3510484.44074315
2017-02-17,310585,2025782.2274420098
2017-02-18,273857,1164653.37024046
2017-02-19,250019,1427011.09541457
2017-02-20,291025,1569838.72285324
2017-02-21,288317,1784714.6288355
2017-02-22,292453,3531887.5358430003
2017-02-23,329853,2351406.9070237
2017-02-24,331890,1902397.34187807
2017-02-25,301092,1192385.1896128799
2017-02-26,264285,1142175.14901783
2017-02-27,307861,1950400.98388531
2017-02-28,321017,1907570.5533894
2017-03-01,332814,2546898.69483042
2017-03-02,328797,2818825.21287675
2017-03-03,321468,4454848.19557203
2017-03-04,279021,1949284.47509716
2017-03-05,251957,1210456.21071992
2017-03-06,307770,1924362.9177464698
2017-03-07,322716,2093847.50709099
2017-03-08,304068,2890942.9042031
2017-03-09,294837,5445514.1673062
2017-03-10,309805,2615775.73296201
2017-03-11,260474,1630989.28448337
2017-03-12,229446,1204576.4523585099
2017-03-13,288355,2118623.65045892
2017-03-14,300945,2694828.60903818
2017-03-15,289326,2263063.73289947
2017-03-16,322231,3312420.00629677
2017-03-17,306196,3131630.43754779
2017-03-18,263314,2591807.24830047
2017-03-19,243729,6719572.361609709
2017-03-20,288841,2910965.24560554
2017-03-21,292566,6894373.37440046
2017-03-22,301917,4521106.50309472
2017-03-23,288376,2380590.93226658
2017-03-24,289003,3932346.87418107
2017-03-25,244824,3312310.20673743
2017-03-26,216873,1747836.99266642
2017-03-27,266496,2423939.40516922
2017-03-28,283080,2297716.7681967
2017-03-29,272470,1774372.03448843
2017-03-30,283502,2214888.06689
2017-03-31,273047,3584796.19139714
2017-04-01,247179,3500572.83025518
2017-04-02,233909,3317825.71816193
2017-04-03,294754,4209145.37785746
2017-04-04,280855,2528422.80705037
2017-04-05,290877,2188483.8960991
2017-04-06,289806,2046032.75189762
2017-04-07,290357,9091112.3207496
2017-04-08,233171,6882861.71538279
2017-04-09,229079,1241431.74011271
2017-04-10,287882,2115458.23756525
2017-04-11,301502,2066199.49032317
2017-04-12,280911,2041869.60412109
2017-04-13,275297,2327171.92900362
2017-04-14,257781,2016990.7293943102
2017-04-15,249262,1568729.09019111
2017-04-16,208516,1903142.81362437
2017-04-17,263328,2548793.83545163
2017-04-18,305656,2397351.33261748
2017-04-19,298069,2184555.36062959
2017-04-20,292220,2284580.04230717
2017-04-21,301840,2304122.6235198
2017-04-22,266067,1662004.69710941
2017-04-23,243859,1572011.81574608
2017-04-24,278025,2111687.04359755
2017-04-25,304477,3135545.552073
2017-04-26,309196,2384536.81681226
2017-04-27,311565,2683245.11236827
2017-04-28,319411,2447010.09800767
2017-04-29,308963,2034467.7987618
2017-04-30,274599,1773293.24011702
2017-05-01,310509,2681973.39137005
2017-05-02,332221,2388806.14320223
2017-05-03,320261,2739114.07312166
2017-05-04,361114,2842714.85082879
2017-05-05,338628,3134058.2104285797
2017-05-06,294784,2426730.82541223
2017-05-07,289615,2151747.90312995
2017-05-08,360044,3992831.65885126
2017-05-09,345641,3158672.20342017
2017-05-10,331813,3817803.84420519
2017-05-11,332168,3157909.0776992296
2017-05-12,324490,2956077.72030246
2017-05-13,320756,2993738.97993214
2017-05-14,308735,2504740.24971525
2017-05-15,318294,3130212.17901737
2017-05-16,300686,3178957.7206937
2017-05-17,297724,3709692.99740243
2017-05-18,296010,3233907.1919515603
2017-05-19,326382,2862781.54132152
2017-05-20,331324,2786567.3183078
2017-05-21,321531,2322999.9118100903
2017-05-22,370682,3738586.50039477
2017-05-23,391298,3743967.5351201002
2017-05-24,380327,3642008.8084944002
2017-05-25,361280,3525037.03040504
2017-05-26,332964,2833260.94158255
2017-05-27,273294,2514759.76828208
2017-05-28,263484,2755393.19409314
2017-05-29,337171,2678800.76663408
2017-05-30,352096,3733060.80818993
2017-05-31,318646,3350050.6529762903
2017-06-01,313500,3302155.01883658
2017-06-02,293791,3093620.9459889
2017-06-03,271440,3154527.99944963
2017-06-04,239140,3327315.57901258
2017-06-05,299848,3282211.14644706
2017-06-06,329216,2650427.4257971304
2017-06-07,311999,2527952.88840352
2017-06-08,283450,2368199.94078035
2017-06-09,279145,2584524.50164414
2017-06-10,249336,2443632.7451341
2017-06-11,220688,2306691.6826958302
2017-06-12,294111,3034182.26759916
2017-06-13,299476,3267807.8161741802
2017-06-14,287513,3291658.4211695404
2017-06-15,272334,3015665.56779528
2017-06-16,265033,3472843.77374911
2017-06-17,224652,2255084.73691217
2017-06-18,197396,2235864.66534864
2017-06-19,267451,3077621.58621612
2017-06-20,293676,3242088.70809868
2017-06-21,269402,3522623.94688902
2017-06-22,264508,3150274.24803568
2017-06-23,254602,2420167.56837808
2017-06-24,221048,2214411.80899721
2017-06-25,191805,1914153.14554702
2017-06-26,255500,3749684.42874933
2017-06-27,264137,2792346.34943553
2017-06-28,273099,2791428.95112685
2017-06-29,249199,3205173.1906417403
2017-06-30,247411,3507549.01639656
2017-07-01,219890,2273286.2209039
2017-07-02,196008,1878326.45698044
2017-07-03,251019,2757142.11564869
2017-07-04,257515,2291911.7648001
2017-07-05,235728,2536276.52473685
2017-07-06,235773,2249809.60390333
2017-07-07,239090,2426279.59036335
2017-07-08,213280,2997877.65963266
2017-07-09,187433,2388662.77860198
2017-07-10,254503,3010834.23333033
2017-07-11,267050,2771690.43889831
2017-07-12,257095,2644481.0803129603
2017-07-13,242691,2486903.5195713798
2017-07-14,237708,2670526.74571829
2017-07-15,211569,1890450.21363087
2017-07-16,203283,2110674.33400809
2017-07-17,234464,2727273.72891214
2017-07-18,260776,2601284.31959933
2017-07-19,249810,2491242.12911875
2017-07-20,254759,2491981.76920513
2017-07-21,247270,2175366.4246592
2017-07-22,215076,1747093.63240809
2017-07-23,181172,1605253.79587097
2017-07-24,240794,2382333.38252406
2017-07-25,244041,7364810.35510103
2017-07-26,235846,3654791.90389405
2017-07-27,226582,2495819.44627657
2017-07-28,253861,4215815.26480293
2017-07-29,203387,4171613.97055618
2017-07-30,192353,8830740.209081369
2017-07-31,222440,2909929.39200997
2017-08-01,131552,2631218.2735193702
2017-08-02,208164,2814353.94453381
2017-08-03,220209,2140007.53661496
2017-08-04,235008,2360696.3185404898
2017-08-05,233868,1925692.32667664
2017-08-06,201739,1756854.13363824
2017-08-07,264462,2439106.64951125
2017-08-08,281371,2753579.25862349
2017-08-09,259124,2433895.11969189
2017-08-10,263661,2903235.2018160396
2017-08-11,279184,3153340.01988038
2017-08-12,246692,2263549.6172281797
2017-08-13,260065,2242152.1806659503
2017-08-14,286251,2920019.1202528197
2017-08-15,310489,2684821.7411424597
2017-08-16,284718,2945270.74045288
2017-08-17,312903,2695648.15835888
2017-08-18,320140,2676943.46427302
2017-08-19,254418,2333141.84916794
2017-08-20,214489,1812374.4149744
2017-08-21,260817,2524330.95862665
2017-08-22,238495,2288375.40803669
2017-08-23,267274,1889633.0306728699
2017-08-24,240478,1769509.42574423
2017-08-25,204835,1466816.0291603701
2017-08-26,204208,1225989.6166343
2017-08-27,230325,1254996.77015827
2017-08-28,222262,1717348.90871693
2017-08-29,280702,1953360.34916705
2017-08-30,268806,1632654.50119604
2017-08-31,278183,1786491.91924411
2017-09-01,279111,1797927.31517149
2017-09-02,235351,1577568.97677941
2017-09-03,195125,1422788.14435494
2017-09-04,269101,2418232.30591679
2017-09-05,277726,6490352.00429528
2017-09-06,276057,2518146.4821201502
2017-09-07,256191,2230647.9630758003
2017-09-08,279307,2165913.39149515
2017-09-09,217709,1847485.59109417
2017-09-10,193099,1621351.7955162
2017-09-11,253307,2689660.34627265
2017-09-12,256031,2428435.87523821
2017-09-13,263244,2828889.9218776603
2017-09-14,272968,3245991.12889536
2017-09-15,292810,3500238.83017363
2017-09-16,222981,2225138.10617791
2017-09-17,197081,1738145.78681012
2017-09-18,246042,2371543.53675884
2017-09-19,255795,1881397.04207112
2017-09-20,239723,1966115.30268589
2017-09-21,249922,1901473.46825287
2017-09-22,228423,1871777.74623996
2017-09-23,202379,1311308.22534919
2017-09-24,186318,1119881.42260567
2017-09-25,240838,2025901.28980167
2017-09-26,248239,2058325.8712597599
2017-09-27,264368,2186674.07341185
2017-09-28,270614,2295115.96058622
2017-09-29,256228,1957404.57314823
2017-09-30,221463,1669823.45337386
2017-10-01,206029,1462950.09659382
2017-10-02,290030,1985327.94938075
2017-10-03,273497,1618102.88563814
2017-10-04,254315,1476927.8432155498
2017-10-05,261203,1657912.32931792
2017-10-06,273912,1372666.42955132
2017-10-07,230229,1048755.30150814
2017-10-08,241042,1290400.94389754
2017-10-09,301662,2552821.14708628
2017-10-10,305590,1958179.7835751101
2017-10-11,292765,1781802.84711518
2017-10-12,318477,2015669.7708536
2017-10-13,320106,1964307.95440463
2017-10-14,270534,1481999.6375009501
2017-10-15,261911,1302236.62517296
2017-10-16,313703,1933570.55746842
2017-10-17,334130,2813007.87299995
2017-10-18,326277,2149235.38000566
2017-10-19,356802,1908894.9619303
2017-10-20,318531,1927522.3902330298
2017-10-21,312232,1561508.65641791
2017-10-22,289092,1497984.28085966
2017-10-23,322547,3006461.23438009
2017-10-24,341851,2568598.7419105303
2017-10-25,307622,1978852.40362168
2017-10-26,264506,1741365.33005241
2017-10-27,246584,2002510.25772749
2017-10-28,206978,1416458.20292983
2017-10-29,333868,1657755.52543038
2017-10-30,315927,1853483.11184752
2017-10-31,277396,1914728.48169804
2017-11-01,351371,2189061.30285852
2017-11-02,341323,2249225.56567053
2017-11-03,277478,3035170.33465832
2017-11-04,293991,5764071.09532717
2017-11-05,251587,6075464.96515061
2017-11-06,276475,2786292.05644122
2017-11-07,340991,3541061.90570635
2017-11-08,331810,4333687.678390469
2017-11-09,335500,2210391.72012801
2017-11-10,321564,2489735.67545309
2017-11-11,237947,1998997.9989563501
2017-11-12,203546,2092242.4662671
2017-11-13,261584,4039557.4705387205
2017-11-14,267420,3886630.62409203
2017-11-15,292895,3315921.96871364
2017-11-16,297172,3779674.65006824
2017-11-17,302771,3761758.15903685
2017-11-18,249030,2677474.63388917
2017-11-19,253659,5435481.56788822
2017-11-20,334516,4214078.9512511
2017-11-21,377138,3640738.84280374
2017-11-22,327486,3519123.23245765
2017-11-23,333661,3402291.76029744
2017-11-24,326188,2717288.65610391
2017-11-25,316686,2841732.78005768
2017-11-26,328526,2044288.1208055
2017-11-27,399702,2442029.13357169
2017-11-28,385252,2915024.83722024
2017-11-29,423959,3263405.6595708
2017-11-30,365193,2686030.67734131
2017-12-01,380854,2272997.8083893796
2017-12-02,332249,2146277.54033561
2017-12-03,343918,1852671.34367756
2017-12-04,401973,2644415.5839566495
2017-12-05,420854,3017550.3906823997
2017-12-06,489419,3609714.95580123
2017-12-07,475383,3684404.95580451
2017-12-08,380172,2444886.00419432
2017-12-09,335919,2667428.39285308
2017-12-10,302036,1943210.78198364
2017-12-11,370948,2768801.24667833
2017-12-12,401519,3375172.4157150597
2017-12-13,415670,3131666.39909184
2017-12-14,508573,2988038.15244593
2017-12-15,410262,2738492.40058877
2017-12-16,358917,2326146.19307575
2017-12-17,375503,2378855.65905187
2017-12-18,407083,3034728.42953869
2017-12-19,440173,2397501.63325994
2017-12-20,408225,2174986.10227853
2017-12-21,368009,1931785.8797104298
2017-12-22,360806,1780937.60763217
2017-12-23,273273,1493797.20847723
2017-12-24,229090,1336905.77953271
2017-12-25,221822,1783942.44774482
2017-12-26,251063,2206956.52654451
2017-12-27,315070,2328997.78124481
2017-12-28,300407,2037966.61317038
2017-12-29,357119,2310039.3040636
2017-12-30,341265,2222147.26510071
2017-12-31,255323,1590784.89652539
2018-01-01,225564,1685460.1363601098
2018-01-02,349996,2563887.53383855
2018-01-03,406521,2838858.9072441505
2018-01-04,449400,2811158.06255282
2018-01-05,375299,2962085.43475956
2018-01-06,322832,2907040.7278234703
2018-01-07,367972,2743577.6232179003
2018-01-08,350370,2544214.17582834
2018-01-09,360972,2218362.2888980503
2018-01-10,353256,2176147.18067224
2018-01-11,325748,1827858.95017374
2018-01-12,292507,1763819.65282613
2018-01-13,272357,1378159.34055369
2018-01-14,229946,1257039.55749458
2018-01-15,274355,1490489.34248183
2018-01-16,317403,2951485.1869179197
2018-01-17,317203,2453782.12298492
2018-01-18,294224,2106459.11547117
2018-01-19,234597,1923507.19175069
2018-01-20,217904,1410122.11420989
2018-01-21,193124,1088882.29034115
2018-01-22,239146,1536977.10219494
2018-01-23,261555,1541315.3462023998
2018-01-24,233043,1462659.4812056299
2018-01-25,232069,1372681.29340865
2018-01-26,210302,1676097.6837028
2018-01-27,187039,1367110.80058207
2018-01-28,206169,3120909.56864515
2018-01-29,225738,1928904.89524945
2018-01-30,231602,2357172.77729919
2018-01-31,221733,1849911.4138173999
2018-02-01,241069,2127043.37883699
2018-02-02,241801,1468552.04934796
2018-02-03,188820,899497.5808676099
2018-02-04,169394,965780.02224583
2018-02-05,218670,1878157.12277959
2018-02-06,183138,1623927.04221942
2018-09-14,1,6.56121275
2019-11-28,2,2.91907151
2020-04-09,1,2.00203656
2020-06-24,2,133.72165047
2020-10-18,1,2.8993
2020-12-11,1,0.0199056
2021-07-27,2,0.70095293
2022-08-15,1,0.04502885
2026-11-22,1,0.57961444
2027-07-02,3,38.672459159999995
2027-07-12,21,113.52014656
2027-10-10,2,110.04799999999999
2028-04-13,1,2.3926845
2035-05-27,12,0.92061711
2035-09-24,1,6e-5
2040-01-14,1,0.9665102
2042-08-20,1,100.2955
2044-04-05,1,0.5365102
2046-09-18,1,17.63365047
2048-08-17,1,0.6265102
2050-10-04,1,0.2729
2062-02-03,1,310.225
2062-05-17,6,0.08152213999999999
2062-05-20,1,16.56365047
2062-07-04,11,1.887839
2063-08-04,47,11717.79005902
2065-02-27,1,17.42365047
2067-04-26,1,1e-8
2067-11-10,4,175.241
2069-08-27,1,0.05582617
2070-01-01,1,0.035783
2070-03-11,3,0.00635559
2070-04-24,2,0.0043848
2073-03-13,3,379.297
2078-04-24,8,160.4694326
2081-06-12,1,0.01133465
2083-05-19,1,0.04239765
2083-06-22,1,1.4017096
